filename,latex_symbol
Upper_Leftarrow_drawn_0.png,\Leftarrow
Upper_Leftrightarrow_drawn_0.png,\Leftrightarrow
Upper_Omega_drawn_0.png,\Omega
chi_drawn_0.png,\chi
Upper_Xi_drawn_0.png,\Xi
alpha_drawn_0.png,\alpha
approx_drawn_0.png,\approx
beta_drawn_0.png,\beta
blacksquare_drawn_0.png,\blacksquare
boxtimes_drawn_0.png,\boxtimes
cap_drawn_0.png,\cap
cdot_drawn_0.png,\cdot
cdots_drawn_0.png,\cdots
chi_drawn_1.png,\chi
complement_drawn_0.png,\complement
cong_drawn_0.png,\cong
cup_drawn_0.png,\cup
delta_drawn_0.png,\delta
div_drawn_0.png,\div
downarrow_drawn_0.png,\downarrow
emptyset_drawn_0.png,\emptyset
epsilon_drawn_0.png,\epsilon
equiv_drawn_0.png,\equiv
eta_drawn_0.png,\eta
exists_drawn_0.png,\exists
forall_drawn_0.png,\forall
gamma_drawn_0.png,\gamma
geq_drawn_0.png,\geq
in_drawn_0.png,\in
infty_drawn_0.png,\infty
int_drawn_0.png,\int
iota_drawn_0.png,\iota
kappa_drawn_0.png,\kappa
lambda_drawn_0.png,\lambda
leftarrow_drawn_0.png,\leftarrow
leftharpoondown_drawn_0.png,\leftharpoondown
leftharpoonup_drawn_0.png,\leftharpoonup
leftrightarrow_drawn_0.png,\leftrightarrow
leq_drawn_0.png,\leq
longmapsto_drawn_0.png,\longmapsto
mapsto_drawn_0.png,\mapsto
mu_drawn_0.png,\mu
nabla_drawn_0.png,\nabla
nearrow_drawn_0.png,\nearrow
neg_drawn_0.png,\neg
neq_drawn_0.png,\neq
nexists_drawn_0.png,\nexists
notin_drawn_0.png,\notin
nu_drawn_0.png,\nu
nwarrow_drawn_0.png,\nwarrow
omega_drawn_0.png,\omega
oplus_drawn_0.png,\oplus
otimes_drawn_0.png,\otimes
partial_drawn_0.png,\partial
perp_drawn_0.png,\perp
phi_drawn_0.png,\phi
pi_drawn_0.png,\pi
psi_drawn_0.png,\psi
rho_drawn_0.png,\rho
rightarrow_drawn_0.png,\rightarrow
rightharpoondown_drawn_0.png,\rightharpoondown
rightharpoonup_drawn_0.png,\rightharpoonup
rightleftharpoons_drawn_0.png,\rightleftharpoons
searrow_drawn_0.png,\searrow
sigma_drawn_0.png,\sigma
simeq_drawn_0.png,\simeq
subset_drawn_0.png,\subset
sum_drawn_0.png,\sum
swarrow_drawn_0.png,\swarrow
tau_drawn_0.png,\tau
theta_drawn_0.png,\theta
times_drawn_0.png,\times
triangle_drawn_0.png,\triangle
uparrow_drawn_0.png,\uparrow
upsilon_drawn_0.png,\upsilon
varepsilon_drawn_0.png,\varepsilon
varnothing_drawn_0.png,\varnothing
varphi_drawn_0.png,\varphi
varrho_drawn_0.png,\varrho
vartheta_drawn_0.png,\vartheta
vee_drawn_0.png,\vee
wedge_drawn_0.png,\wedge
wp_drawn_0.png,\wp
xi_drawn_0.png,\xi
zeta_drawn_0.png,\zeta
a_drawn_0.png,a
b_drawn_0.png,b
c_drawn_0.png,c
d_drawn_0.png,d
e_drawn_0.png,e
f_drawn_0.png,f
g_drawn_0.png,g
h_drawn_0.png,h
i_drawn_0.png,i
j_drawn_0.png,j
k_drawn_0.png,k
l_drawn_0.png,l
m_drawn_0.png,m
n_drawn_0.png,n
o_drawn_0.png,o
p_drawn_0.png,p
q_drawn_0.png,q
r_drawn_0.png,r
s_drawn_0.png,s
t_drawn_0.png,t
u_drawn_0.png,u
v_drawn_0.png,v
w_drawn_0.png,w
x_drawn_0.png,x
y_drawn_0.png,y
z_drawn_0.png,z
Upper_A_drawn_0.png,A
Upper_B_drawn_0.png,B
Upper_C_drawn_0.png,C
Upper_D_drawn_0.png,D
Upper_E_drawn_0.png,E
Upper_F_drawn_0.png,F
Upper_G_drawn_0.png,G
Upper_H_drawn_0.png,H
Upper_I_drawn_0.png,I
Upper_J_drawn_0.png,J
Upper_K_drawn_0.png,K
Upper_L_drawn_0.png,L
Upper_M_drawn_0.png,M
Upper_N_drawn_0.png,N
Upper_O_drawn_0.png,O
Upper_P_drawn_0.png,P
Upper_Q_drawn_0.png,Q
Upper_R_drawn_0.png,R
Upper_S_drawn_0.png,S
Upper_T_drawn_0.png,T
Upper_U_drawn_0.png,U
Upper_V_drawn_0.png,V
Upper_W_drawn_0.png,W
Upper_X_drawn_0.png,X
Upper_Y_drawn_0.png,Y
Upper_Z_drawn_0.png,Z
Upper_Delta_drawn_0.png,\Delta
Upper_Downarrow_drawn_0.png,\Downarrow
Upper_Gamma_drawn_0.png,\Gamma
Upper_Im_drawn_0.png,\Im
Upper_Lambda_drawn_0.png,\Lambda
Upper_Leftarrow_drawn_1.png,\Leftarrow
Upper_Leftrightarrow_drawn_1.png,\Leftrightarrow
Upper_Omega_drawn_1.png,\Omega
Upper_Phi_drawn_0.png,\Phi
Upper_Pi_drawn_0.png,\Pi
Upper_Psi_drawn_0.png,\Psi
Upper_Re_drawn_0.png,\Re
Upper_Rightarrow_drawn_0.png,\Rightarrow
Upper_Sigma_drawn_0.png,\Sigma
Upper_Theta_drawn_0.png,\Theta
Upper_Uparrow_drawn_0.png,\Uparrow
Upper_Updownarrow_drawn_0.png,\Updownarrow
Upper_Upsilon_drawn_0.png,\Upsilon
Upper_Xi_drawn_1.png,\Xi
alpha_drawn_1.png,\alpha
approx_drawn_1.png,\approx
beta_drawn_1.png,\beta
blacksquare_drawn_1.png,\blacksquare
boxtimes_drawn_1.png,\boxtimes
cap_drawn_1.png,\cap
cdot_drawn_1.png,\cdot
cdots_drawn_1.png,\cdots
chi_drawn_2.png,\chi
complement_drawn_1.png,\complement
cong_drawn_1.png,\cong
cup_drawn_1.png,\cup
delta_drawn_1.png,\delta
div_drawn_1.png,\div
downarrow_drawn_1.png,\downarrow
emptyset_drawn_1.png,\emptyset
epsilon_drawn_1.png,\epsilon
equiv_drawn_1.png,\equiv
eta_drawn_1.png,\eta
exists_drawn_1.png,\exists
forall_drawn_1.png,\forall
gamma_drawn_1.png,\gamma
geq_drawn_1.png,\geq
in_drawn_1.png,\in
infty_drawn_1.png,\infty
int_drawn_1.png,\int
iota_drawn_1.png,\iota
kappa_drawn_1.png,\kappa
lambda_drawn_1.png,\lambda
leftarrow_drawn_1.png,\leftarrow
leftharpoondown_drawn_1.png,\leftharpoondown
leftharpoonup_drawn_1.png,\leftharpoonup
leftrightarrow_drawn_1.png,\leftrightarrow
leq_drawn_1.png,\leq
longmapsto_drawn_1.png,\longmapsto
mapsto_drawn_1.png,\mapsto
mu_drawn_1.png,\mu
nabla_drawn_1.png,\nabla
nearrow_drawn_1.png,\nearrow
neg_drawn_1.png,\neg
neq_drawn_1.png,\neq
nexists_drawn_1.png,\nexists
notin_drawn_1.png,\notin
longmapsto_drawn_2.png,\longmapsto
mapsto_drawn_2.png,\mapsto
mu_drawn_2.png,\mu
nabla_drawn_2.png,\nabla
nearrow_drawn_2.png,\nearrow
neg_drawn_2.png,\neg
neq_drawn_2.png,\neq
nexists_drawn_2.png,\nexists
notin_drawn_2.png,\notin
nu_drawn_1.png,\nu
nwarrow_drawn_1.png,\nwarrow
omega_drawn_1.png,\omega
oplus_drawn_1.png,\oplus
otimes_drawn_1.png,\otimes
partial_drawn_1.png,\partial
perp_drawn_1.png,\perp
phi_drawn_1.png,\phi
pi_drawn_1.png,\pi
psi_drawn_1.png,\psi
rho_drawn_1.png,\rho
rightarrow_drawn_1.png,\rightarrow
rightharpoondown_drawn_1.png,\rightharpoondown
rightharpoonup_drawn_1.png,\rightharpoonup
rightleftharpoons_drawn_1.png,\rightleftharpoons
searrow_drawn_1.png,\searrow
sigma_drawn_1.png,\sigma
simeq_drawn_1.png,\simeq
subset_drawn_1.png,\subset
sum_drawn_1.png,\sum
swarrow_drawn_1.png,\swarrow
tau_drawn_1.png,\tau
theta_drawn_1.png,\theta
times_drawn_1.png,\times
triangle_drawn_1.png,\triangle
uparrow_drawn_1.png,\uparrow
upsilon_drawn_1.png,\upsilon
varepsilon_drawn_1.png,\varepsilon
varnothing_drawn_1.png,\varnothing
varphi_drawn_1.png,\varphi
varrho_drawn_1.png,\varrho
vartheta_drawn_1.png,\vartheta
vee_drawn_1.png,\vee
wedge_drawn_1.png,\wedge
wp_drawn_1.png,\wp
xi_drawn_1.png,\xi
zeta_drawn_1.png,\zeta
a_drawn_1.png,a
b_drawn_1.png,b
c_drawn_1.png,c
d_drawn_1.png,d
e_drawn_1.png,e
f_drawn_1.png,f
g_drawn_1.png,g
h_drawn_1.png,h
i_drawn_1.png,i
j_drawn_1.png,j
k_drawn_1.png,k
l_drawn_1.png,l
m_drawn_1.png,m
n_drawn_1.png,n
o_drawn_1.png,o
p_drawn_1.png,p
q_drawn_1.png,q
r_drawn_1.png,r
s_drawn_1.png,s
t_drawn_1.png,t
u_drawn_1.png,u
v_drawn_1.png,v
w_drawn_1.png,w
x_drawn_1.png,x
y_drawn_1.png,y
z_drawn_1.png,z
Upper_A_drawn_1.png,A
Upper_B_drawn_1.png,B
Upper_C_drawn_1.png,C
Upper_D_drawn_1.png,D
Upper_E_drawn_1.png,E
Upper_F_drawn_1.png,F
Upper_G_drawn_1.png,G
Upper_H_drawn_1.png,H
Upper_I_drawn_1.png,I
Upper_J_drawn_1.png,J
Upper_K_drawn_1.png,K
Upper_L_drawn_1.png,L
Upper_M_drawn_1.png,M
Upper_N_drawn_1.png,N
Upper_O_drawn_1.png,O
Upper_P_drawn_1.png,P
Upper_Q_drawn_1.png,Q
Upper_R_drawn_1.png,R
Upper_S_drawn_1.png,S
Upper_T_drawn_1.png,T
Upper_U_drawn_1.png,U
Upper_V_drawn_1.png,V
Upper_W_drawn_1.png,W
Upper_X_drawn_1.png,X
Upper_Y_drawn_1.png,Y
Upper_Z_drawn_1.png,Z
Upper_Delta_drawn_1.png,\Delta
Upper_Downarrow_drawn_1.png,\Downarrow
Upper_Gamma_drawn_1.png,\Gamma
Upper_Im_drawn_1.png,\Im
Upper_Lambda_drawn_1.png,\Lambda
Upper_Leftarrow_drawn_2.png,\Leftarrow
Upper_Leftrightarrow_drawn_2.png,\Leftrightarrow
Upper_Omega_drawn_2.png,\Omega
Upper_Phi_drawn_1.png,\Phi
Upper_Pi_drawn_1.png,\Pi
Upper_Psi_drawn_1.png,\Psi
Upper_Re_drawn_1.png,\Re
Upper_Rightarrow_drawn_1.png,\Rightarrow
Upper_Sigma_drawn_1.png,\Sigma
Upper_Theta_drawn_1.png,\Theta
Upper_Uparrow_drawn_1.png,\Uparrow
Upper_Updownarrow_drawn_1.png,\Updownarrow
Upper_Upsilon_drawn_1.png,\Upsilon
Upper_Xi_drawn_2.png,\Xi
alpha_drawn_2.png,\alpha
approx_drawn_2.png,\approx
beta_drawn_2.png,\beta
blacksquare_drawn_2.png,\blacksquare
boxtimes_drawn_2.png,\boxtimes
cap_drawn_2.png,\cap
cdot_drawn_2.png,\cdot
cdots_drawn_2.png,\cdots
chi_drawn_3.png,\chi
complement_drawn_2.png,\complement
cong_drawn_2.png,\cong
cup_drawn_2.png,\cup
delta_drawn_2.png,\delta
div_drawn_2.png,\div
downarrow_drawn_2.png,\downarrow
emptyset_drawn_2.png,\emptyset
epsilon_drawn_2.png,\epsilon
equiv_drawn_2.png,\equiv
eta_drawn_2.png,\eta
exists_drawn_2.png,\exists
forall_drawn_2.png,\forall
gamma_drawn_2.png,\gamma
geq_drawn_2.png,\geq
in_drawn_2.png,\in
infty_drawn_2.png,\infty
int_drawn_2.png,\int
iota_drawn_2.png,\iota
kappa_drawn_2.png,\kappa
lambda_drawn_2.png,\lambda
leftarrow_drawn_2.png,\leftarrow
leftharpoondown_drawn_2.png,\leftharpoondown
leftharpoonup_drawn_2.png,\leftharpoonup
leftrightarrow_drawn_2.png,\leftrightarrow
leq_drawn_2.png,\leq
longmapsto_drawn_3.png,\longmapsto
mapsto_drawn_3.png,\mapsto
mu_drawn_3.png,\mu
nabla_drawn_3.png,\nabla
nearrow_drawn_3.png,\nearrow
neg_drawn_3.png,\neg
neq_drawn_3.png,\neq
nexists_drawn_3.png,\nexists
notin_drawn_3.png,\notin
nu_drawn_2.png,\nu
nwarrow_drawn_2.png,\nwarrow
omega_drawn_2.png,\omega
oplus_drawn_2.png,\oplus
otimes_drawn_2.png,\otimes
partial_drawn_2.png,\partial
perp_drawn_2.png,\perp
phi_drawn_2.png,\phi
pi_drawn_2.png,\pi
psi_drawn_2.png,\psi
rho_drawn_2.png,\rho
rightarrow_drawn_2.png,\rightarrow
rightharpoondown_drawn_2.png,\rightharpoondown
rightharpoonup_drawn_2.png,\rightharpoonup
rightleftharpoons_drawn_2.png,\rightleftharpoons
searrow_drawn_2.png,\searrow
sigma_drawn_2.png,\sigma
simeq_drawn_2.png,\simeq
subset_drawn_2.png,\subset
sum_drawn_2.png,\sum
swarrow_drawn_2.png,\swarrow
tau_drawn_2.png,\tau
theta_drawn_2.png,\theta
times_drawn_2.png,\times
triangle_drawn_2.png,\triangle
uparrow_drawn_2.png,\uparrow
upsilon_drawn_2.png,\upsilon
varepsilon_drawn_2.png,\varepsilon
varnothing_drawn_2.png,\varnothing
varphi_drawn_2.png,\varphi
varrho_drawn_2.png,\varrho
vartheta_drawn_2.png,\vartheta
vee_drawn_2.png,\vee
wedge_drawn_2.png,\wedge
wp_drawn_2.png,\wp
xi_drawn_2.png,\xi
zeta_drawn_2.png,\zeta
a_drawn_2.png,a
b_drawn_2.png,b
c_drawn_2.png,c
d_drawn_2.png,d
e_drawn_2.png,e
f_drawn_2.png,f
g_drawn_2.png,g
h_drawn_2.png,h
i_drawn_2.png,i
j_drawn_2.png,j
k_drawn_2.png,k
l_drawn_2.png,l
m_drawn_2.png,m
n_drawn_2.png,n
o_drawn_2.png,o
p_drawn_2.png,p
q_drawn_2.png,q
r_drawn_2.png,r
s_drawn_2.png,s
t_drawn_2.png,t
u_drawn_2.png,u
v_drawn_2.png,v
w_drawn_2.png,w
x_drawn_2.png,x
y_drawn_2.png,y
z_drawn_2.png,z
Upper_A_drawn_2.png,A
Upper_B_drawn_2.png,B
Upper_C_drawn_2.png,C
Upper_D_drawn_2.png,D
Upper_E_drawn_2.png,E
Upper_F_drawn_2.png,F
Upper_G_drawn_2.png,G
Upper_H_drawn_2.png,H
Upper_I_drawn_2.png,I
Upper_J_drawn_2.png,J
Upper_K_drawn_2.png,K
Upper_L_drawn_2.png,L
Upper_M_drawn_2.png,M
Upper_N_drawn_2.png,N
Upper_O_drawn_2.png,O
Upper_P_drawn_2.png,P
Upper_Q_drawn_2.png,Q
Upper_R_drawn_2.png,R
Upper_S_drawn_2.png,S
Upper_T_drawn_2.png,T
Upper_U_drawn_2.png,U
Upper_V_drawn_2.png,V
Upper_W_drawn_2.png,W
Upper_X_drawn_2.png,X
Upper_Y_drawn_2.png,Y
Upper_Z_drawn_2.png,Z
Upper_Delta_drawn_2.png,\Delta
Upper_Downarrow_drawn_2.png,\Downarrow
Upper_Gamma_drawn_2.png,\Gamma
Upper_Im_drawn_2.png,\Im
Upper_Lambda_drawn_2.png,\Lambda
Upper_Leftarrow_drawn_3.png,\Leftarrow
Upper_Leftrightarrow_drawn_3.png,\Leftrightarrow
Upper_Omega_drawn_3.png,\Omega
Upper_Phi_drawn_2.png,\Phi
Upper_Pi_drawn_2.png,\Pi
Upper_Psi_drawn_2.png,\Psi
Upper_Re_drawn_2.png,\Re
Upper_Rightarrow_drawn_2.png,\Rightarrow
Upper_Sigma_drawn_2.png,\Sigma
Upper_Theta_drawn_2.png,\Theta
Upper_Uparrow_drawn_2.png,\Uparrow
Upper_Updownarrow_drawn_2.png,\Updownarrow
Upper_Upsilon_drawn_2.png,\Upsilon
Upper_Xi_drawn_3.png,\Xi
alpha_drawn_3.png,\alpha
approx_drawn_3.png,\approx
beta_drawn_3.png,\beta
blacksquare_drawn_3.png,\blacksquare
boxtimes_drawn_3.png,\boxtimes
cap_drawn_3.png,\cap
cdot_drawn_3.png,\cdot
cdots_drawn_3.png,\cdots
chi_drawn_4.png,\chi
complement_drawn_3.png,\complement
cong_drawn_3.png,\cong
cup_drawn_3.png,\cup
delta_drawn_3.png,\delta
div_drawn_3.png,\div
downarrow_drawn_3.png,\downarrow
emptyset_drawn_3.png,\emptyset
epsilon_drawn_3.png,\epsilon
equiv_drawn_3.png,\equiv
eta_drawn_3.png,\eta
exists_drawn_3.png,\exists
forall_drawn_3.png,\forall
gamma_drawn_3.png,\gamma
geq_drawn_3.png,\geq
in_drawn_3.png,\in
infty_drawn_3.png,\infty
int_drawn_3.png,\int
iota_drawn_3.png,\iota
kappa_drawn_3.png,\kappa
lambda_drawn_3.png,\lambda
leftarrow_drawn_3.png,\leftarrow
leftharpoondown_drawn_3.png,\leftharpoondown
leftharpoonup_drawn_3.png,\leftharpoonup
leftrightarrow_drawn_3.png,\leftrightarrow
leq_drawn_3.png,\leq
longmapsto_drawn_4.png,\longmapsto
mapsto_drawn_4.png,\mapsto
mu_drawn_4.png,\mu
nabla_drawn_4.png,\nabla
nearrow_drawn_4.png,\nearrow
neg_drawn_4.png,\neg
neq_drawn_4.png,\neq
nexists_drawn_4.png,\nexists
notin_drawn_4.png,\notin
nu_drawn_3.png,\nu
nwarrow_drawn_3.png,\nwarrow
omega_drawn_3.png,\omega
oplus_drawn_3.png,\oplus
otimes_drawn_3.png,\otimes
partial_drawn_3.png,\partial
perp_drawn_3.png,\perp
phi_drawn_3.png,\phi
pi_drawn_3.png,\pi
psi_drawn_3.png,\psi
rho_drawn_3.png,\rho
rightarrow_drawn_3.png,\rightarrow
rightharpoondown_drawn_3.png,\rightharpoondown
rightharpoonup_drawn_3.png,\rightharpoonup
rightleftharpoons_drawn_3.png,\rightleftharpoons
searrow_drawn_3.png,\searrow
sigma_drawn_3.png,\sigma
simeq_drawn_3.png,\simeq
subset_drawn_3.png,\subset
sum_drawn_3.png,\sum
swarrow_drawn_3.png,\swarrow
tau_drawn_3.png,\tau
theta_drawn_3.png,\theta
times_drawn_3.png,\times
triangle_drawn_3.png,\triangle
uparrow_drawn_3.png,\uparrow
upsilon_drawn_3.png,\upsilon
varepsilon_drawn_3.png,\varepsilon
varnothing_drawn_3.png,\varnothing
varphi_drawn_3.png,\varphi
varrho_drawn_3.png,\varrho
vartheta_drawn_3.png,\vartheta
vee_drawn_3.png,\vee
wedge_drawn_3.png,\wedge
wp_drawn_3.png,\wp
xi_drawn_3.png,\xi
zeta_drawn_3.png,\zeta
a_drawn_3.png,a
b_drawn_3.png,b
c_drawn_3.png,c
d_drawn_3.png,d
e_drawn_3.png,e
f_drawn_3.png,f
g_drawn_3.png,g
h_drawn_3.png,h
i_drawn_3.png,i
j_drawn_3.png,j
k_drawn_3.png,k
l_drawn_3.png,l
m_drawn_3.png,m
n_drawn_3.png,n
o_drawn_3.png,o
p_drawn_3.png,p
q_drawn_3.png,q
r_drawn_3.png,r
s_drawn_3.png,s
t_drawn_3.png,t
u_drawn_3.png,u
v_drawn_3.png,v
w_drawn_3.png,w
x_drawn_3.png,x
y_drawn_3.png,y
z_drawn_3.png,z
Upper_A_drawn_3.png,A
Upper_B_drawn_3.png,B
Upper_C_drawn_3.png,C
Upper_D_drawn_3.png,D
Upper_E_drawn_3.png,E
Upper_F_drawn_3.png,F
Upper_G_drawn_3.png,G
Upper_H_drawn_3.png,H
Upper_I_drawn_3.png,I
Upper_J_drawn_3.png,J
Upper_K_drawn_3.png,K
Upper_L_drawn_3.png,L
Upper_M_drawn_3.png,M
Upper_N_drawn_3.png,N
Upper_O_drawn_3.png,O
Upper_P_drawn_3.png,P
Upper_Q_drawn_3.png,Q
Upper_R_drawn_3.png,R
Upper_S_drawn_3.png,S
Upper_T_drawn_3.png,T
Upper_U_drawn_3.png,U
Upper_V_drawn_3.png,V
Upper_W_drawn_3.png,W
Upper_X_drawn_3.png,X
Upper_Y_drawn_3.png,Y
Upper_Z_drawn_3.png,Z
Upper_Delta_drawn_3.png,\Delta
Upper_Downarrow_drawn_3.png,\Downarrow
Upper_Gamma_drawn_3.png,\Gamma
Upper_Im_drawn_3.png,\Im
Upper_Lambda_drawn_3.png,\Lambda
Upper_Leftarrow_drawn_4.png,\Leftarrow
Upper_Leftrightarrow_drawn_4.png,\Leftrightarrow
Upper_Omega_drawn_4.png,\Omega
Upper_Phi_drawn_3.png,\Phi
Upper_Pi_drawn_3.png,\Pi
Upper_Psi_drawn_3.png,\Psi
v_drawn_4.png,v
w_drawn_4.png,w
x_drawn_4.png,x
y_drawn_4.png,y
z_drawn_4.png,z
Upper_A_drawn_4.png,A
Upper_B_drawn_4.png,B
Upper_C_drawn_4.png,C
Upper_D_drawn_4.png,D
Upper_E_drawn_4.png,E
Upper_F_drawn_4.png,F
Upper_G_drawn_4.png,G
Upper_H_drawn_4.png,H
Upper_I_drawn_4.png,I
Upper_J_drawn_4.png,J
chi_drawn_5.png,\chi
complement_drawn_4.png,\complement
cong_drawn_4.png,\cong
cup_drawn_4.png,\cup
delta_drawn_4.png,\delta
div_drawn_4.png,\div
downarrow_drawn_4.png,\downarrow
emptyset_drawn_4.png,\emptyset
epsilon_drawn_4.png,\epsilon
equiv_drawn_4.png,\equiv
eta_drawn_4.png,\eta
exists_drawn_4.png,\exists
forall_drawn_4.png,\forall
gamma_drawn_4.png,\gamma
geq_drawn_4.png,\geq
in_drawn_4.png,\in
infty_drawn_4.png,\infty
int_drawn_4.png,\int
iota_drawn_4.png,\iota
kappa_drawn_4.png,\kappa
lambda_drawn_4.png,\lambda
leftarrow_drawn_4.png,\leftarrow
leftharpoondown_drawn_4.png,\leftharpoondown
leftharpoonup_drawn_4.png,\leftharpoonup
leftrightarrow_drawn_4.png,\leftrightarrow
leq_drawn_4.png,\leq
longmapsto_drawn_5.png,\longmapsto
mapsto_drawn_5.png,\mapsto
mu_drawn_5.png,\mu
nabla_drawn_5.png,\nabla
nearrow_drawn_5.png,\nearrow
neg_drawn_5.png,\neg
neq_drawn_5.png,\neq
nexists_drawn_5.png,\nexists
notin_drawn_5.png,\notin
nu_drawn_4.png,\nu
nwarrow_drawn_4.png,\nwarrow
omega_drawn_4.png,\omega
oplus_drawn_4.png,\oplus
otimes_drawn_4.png,\otimes
partial_drawn_4.png,\partial
perp_drawn_4.png,\perp
phi_drawn_4.png,\phi
pi_drawn_4.png,\pi
psi_drawn_4.png,\psi
rho_drawn_4.png,\rho
rightarrow_drawn_4.png,\rightarrow
rightharpoondown_drawn_4.png,\rightharpoondown
rightharpoonup_drawn_4.png,\rightharpoonup
rightleftharpoons_drawn_4.png,\rightleftharpoons
searrow_drawn_4.png,\searrow
sigma_drawn_4.png,\sigma
simeq_drawn_4.png,\simeq
subset_drawn_4.png,\subset
sum_drawn_4.png,\sum
swarrow_drawn_4.png,\swarrow
tau_drawn_4.png,\tau
theta_drawn_4.png,\theta
times_drawn_4.png,\times
triangle_drawn_4.png,\triangle
uparrow_drawn_4.png,\uparrow
upsilon_drawn_4.png,\upsilon
varepsilon_drawn_4.png,\varepsilon
varnothing_drawn_4.png,\varnothing
varphi_drawn_4.png,\varphi
varrho_drawn_4.png,\varrho
vartheta_drawn_4.png,\vartheta
vee_drawn_4.png,\vee
wedge_drawn_4.png,\wedge
wp_drawn_4.png,\wp
xi_drawn_4.png,\xi
zeta_drawn_4.png,\zeta
a_drawn_4.png,a
b_drawn_4.png,b
c_drawn_4.png,c
d_drawn_4.png,d
e_drawn_4.png,e
f_drawn_4.png,f
g_drawn_4.png,g
h_drawn_4.png,h
i_drawn_4.png,i
j_drawn_4.png,j
k_drawn_4.png,k
l_drawn_4.png,l
m_drawn_4.png,m
n_drawn_4.png,n
o_drawn_4.png,o
p_drawn_4.png,p
q_drawn_4.png,q
r_drawn_4.png,r
s_drawn_4.png,s
t_drawn_4.png,t
u_drawn_4.png,u
v_drawn_5.png,v
w_drawn_5.png,w
x_drawn_5.png,x
y_drawn_5.png,y
z_drawn_5.png,z
Upper_A_drawn_5.png,A
Upper_B_drawn_5.png,B
Upper_C_drawn_5.png,C
Upper_D_drawn_5.png,D
Upper_E_drawn_5.png,E
Upper_F_drawn_5.png,F
Upper_G_drawn_5.png,G
Upper_H_drawn_5.png,H
Upper_I_drawn_5.png,I
Upper_K_drawn_4.png,K
Upper_L_drawn_4.png,L
Upper_M_drawn_4.png,M
Upper_N_drawn_4.png,N
Upper_O_drawn_4.png,O
Upper_P_drawn_4.png,P
Upper_Q_drawn_4.png,Q
Upper_R_drawn_4.png,R
Upper_S_drawn_4.png,S
Upper_T_drawn_4.png,T
Upper_U_drawn_4.png,U
Upper_V_drawn_4.png,V
Upper_W_drawn_4.png,W
Upper_X_drawn_4.png,X
Upper_Y_drawn_4.png,Y
Upper_Z_drawn_4.png,Z
Upper_Delta_drawn_4.png,\Delta
Upper_Downarrow_drawn_4.png,\Downarrow
Upper_Gamma_drawn_4.png,\Gamma
Upper_Im_drawn_4.png,\Im
Upper_Lambda_drawn_4.png,\Lambda
Upper_Leftarrow_drawn_5.png,\Leftarrow
Upper_Leftrightarrow_drawn_5.png,\Leftrightarrow
Upper_Omega_drawn_5.png,\Omega
Upper_Phi_drawn_4.png,\Phi
Upper_Pi_drawn_4.png,\Pi
Upper_Psi_drawn_4.png,\Psi
Upper_Re_drawn_3.png,\Re
Upper_Rightarrow_drawn_3.png,\Rightarrow
Upper_Sigma_drawn_3.png,\Sigma
Upper_Lambda_drawn_5.png,\Lambda
Upper_Leftarrow_drawn_6.png,\Leftarrow
Upper_Leftrightarrow_drawn_6.png,\Leftrightarrow
Upper_Omega_drawn_6.png,\Omega
Upper_Phi_drawn_5.png,\Phi
Upper_Pi_drawn_5.png,\Pi
Upper_Psi_drawn_5.png,\Psi
Upper_Re_drawn_4.png,\Re
Upper_Rightarrow_drawn_4.png,\Rightarrow
Upper_Sigma_drawn_4.png,\Sigma
Upper_Theta_drawn_3.png,\Theta
Upper_Uparrow_drawn_3.png,\Uparrow
Upper_Updownarrow_drawn_3.png,\Updownarrow
Upper_Upsilon_drawn_3.png,\Upsilon
Upper_Xi_drawn_4.png,\Xi
alpha_drawn_4.png,\alpha
approx_drawn_4.png,\approx
beta_drawn_4.png,\beta
blacksquare_drawn_4.png,\blacksquare
boxtimes_drawn_4.png,\boxtimes
cap_drawn_4.png,\cap
cdot_drawn_4.png,\cdot
cdots_drawn_4.png,\cdots
chi_drawn_6.png,\chi
complement_drawn_5.png,\complement
cong_drawn_5.png,\cong
cup_drawn_5.png,\cup
delta_drawn_5.png,\delta
Upper_K_drawn_5.png,K
Upper_L_drawn_5.png,L
Upper_M_drawn_5.png,M
Upper_N_drawn_5.png,N
Upper_O_drawn_5.png,O
Upper_P_drawn_5.png,P
Upper_Q_drawn_5.png,Q
Upper_R_drawn_5.png,R
Upper_S_drawn_5.png,S
Upper_T_drawn_5.png,T
Upper_U_drawn_5.png,U
Upper_V_drawn_5.png,V
Upper_W_drawn_5.png,W
Upper_X_drawn_5.png,X
Upper_Y_drawn_5.png,Y
Upper_Z_drawn_5.png,Z
Upper_Delta_drawn_5.png,\Delta
Upper_Downarrow_drawn_5.png,\Downarrow
Upper_Gamma_drawn_5.png,\Gamma
Upper_Im_drawn_5.png,\Im
Upper_Lambda_drawn_6.png,\Lambda
Upper_Leftarrow_drawn_7.png,\Leftarrow
Upper_Leftrightarrow_drawn_7.png,\Leftrightarrow
Upper_Omega_drawn_7.png,\Omega
Upper_Phi_drawn_6.png,\Phi
Upper_Pi_drawn_6.png,\Pi
Upper_Psi_drawn_6.png,\Psi
Upper_Re_drawn_5.png,\Re
Upper_Rightarrow_drawn_5.png,\Rightarrow
Upper_Sigma_drawn_5.png,\Sigma
Upper_Theta_drawn_4.png,\Theta
Upper_Uparrow_drawn_4.png,\Uparrow
Upper_Updownarrow_drawn_4.png,\Updownarrow
Upper_Upsilon_drawn_4.png,\Upsilon
Upper_Xi_drawn_5.png,\Xi
alpha_drawn_5.png,\alpha
approx_drawn_5.png,\approx
beta_drawn_5.png,\beta
blacksquare_drawn_5.png,\blacksquare
boxtimes_drawn_5.png,\boxtimes
upsilon_drawn_5.png,\upsilon
varepsilon_drawn_5.png,\varepsilon
varnothing_drawn_5.png,\varnothing
varphi_drawn_5.png,\varphi
varrho_drawn_5.png,\varrho
vartheta_drawn_5.png,\vartheta
vee_drawn_5.png,\vee
wedge_drawn_5.png,\wedge
wp_drawn_5.png,\wp
xi_drawn_5.png,\xi
zeta_drawn_5.png,\zeta
a_drawn_5.png,a
b_drawn_5.png,b
c_drawn_5.png,c
d_drawn_5.png,d
e_drawn_5.png,e
f_drawn_5.png,f
g_drawn_5.png,g
h_drawn_5.png,h
i_drawn_5.png,i
j_drawn_5.png,j
k_drawn_5.png,k
l_drawn_5.png,l
m_drawn_5.png,m
n_drawn_5.png,n
o_drawn_5.png,o
p_drawn_5.png,p
q_drawn_5.png,q
r_drawn_5.png,r
s_drawn_5.png,s
t_drawn_5.png,t
u_drawn_5.png,u
v_drawn_6.png,v
w_drawn_6.png,w
x_drawn_6.png,x
y_drawn_6.png,y
z_drawn_6.png,z
Upper_A_drawn_6.png,A
Upper_B_drawn_6.png,B
Upper_C_drawn_6.png,C
Upper_D_drawn_6.png,D
Upper_E_drawn_6.png,E
Upper_F_drawn_6.png,F
Upper_G_drawn_6.png,G
Upper_H_drawn_6.png,H
Upper_I_drawn_6.png,I
Upper_J_drawn_6.png,J
Upper_K_drawn_6.png,K
Upper_L_drawn_6.png,L
Upper_M_drawn_6.png,M
Upper_N_drawn_6.png,N
Upper_O_drawn_6.png,O
Upper_P_drawn_6.png,P
Upper_Q_drawn_6.png,Q
Upper_R_drawn_6.png,R
Upper_S_drawn_6.png,S
Upper_T_drawn_6.png,T
Upper_U_drawn_6.png,U
Upper_V_drawn_6.png,V
Upper_W_drawn_6.png,W
Upper_X_drawn_6.png,X
Upper_Y_drawn_6.png,Y
Upper_Z_drawn_6.png,Z
Upper_Delta_drawn_6.png,\Delta
Upper_Downarrow_drawn_6.png,\Downarrow
Upper_Gamma_drawn_6.png,\Gamma
Upper_Im_drawn_6.png,\Im
Upper_Lambda_drawn_7.png,\Lambda
Upper_Leftarrow_drawn_8.png,\Leftarrow
Upper_Leftrightarrow_drawn_8.png,\Leftrightarrow
Upper_Omega_drawn_8.png,\Omega
Upper_Phi_drawn_7.png,\Phi
Upper_Pi_drawn_7.png,\Pi
Upper_Psi_drawn_7.png,\Psi
Upper_Re_drawn_6.png,\Re
Upper_Rightarrow_drawn_6.png,\Rightarrow
Upper_Sigma_drawn_6.png,\Sigma
Upper_Theta_drawn_5.png,\Theta
Upper_Uparrow_drawn_5.png,\Uparrow
Upper_Updownarrow_drawn_5.png,\Updownarrow
Upper_Upsilon_drawn_5.png,\Upsilon
Upper_Xi_drawn_6.png,\Xi
alpha_drawn_6.png,\alpha
approx_drawn_6.png,\approx
beta_drawn_6.png,\beta
blacksquare_drawn_6.png,\blacksquare
Upper_V_drawn_7.png,V
Upper_W_drawn_7.png,W
Upper_X_drawn_7.png,X
Upper_Y_drawn_7.png,Y
Upper_Z_drawn_7.png,Z
Upper_Delta_drawn_7.png,\Delta
Upper_Downarrow_drawn_7.png,\Downarrow
Upper_Gamma_drawn_7.png,\Gamma
Upper_Im_drawn_7.png,\Im
Upper_Lambda_drawn_8.png,\Lambda
Upper_Leftarrow_drawn_9.png,\Leftarrow
Upper_Leftrightarrow_drawn_9.png,\Leftrightarrow
Upper_Omega_drawn_9.png,\Omega
Upper_Phi_drawn_8.png,\Phi
Upper_Pi_drawn_8.png,\Pi
Upper_Psi_drawn_8.png,\Psi
Upper_Re_drawn_7.png,\Re
Upper_Rightarrow_drawn_7.png,\Rightarrow
Upper_Sigma_drawn_7.png,\Sigma
Upper_Theta_drawn_6.png,\Theta
Upper_Uparrow_drawn_6.png,\Uparrow
Upper_Updownarrow_drawn_6.png,\Updownarrow
Upper_Upsilon_drawn_6.png,\Upsilon
Upper_Xi_drawn_7.png,\Xi
alpha_drawn_7.png,\alpha
approx_drawn_7.png,\approx
beta_drawn_7.png,\beta
blacksquare_drawn_7.png,\blacksquare
boxtimes_drawn_6.png,\boxtimes
cap_drawn_5.png,\cap
cdot_drawn_5.png,\cdot
cdots_drawn_5.png,\cdots
chi_drawn_7.png,\chi
complement_drawn_6.png,\complement
cong_drawn_6.png,\cong
cup_drawn_6.png,\cup
delta_drawn_6.png,\delta
div_drawn_5.png,\div
downarrow_drawn_5.png,\downarrow
emptyset_drawn_5.png,\emptyset
epsilon_drawn_5.png,\epsilon
equiv_drawn_5.png,\equiv
eta_drawn_5.png,\eta
exists_drawn_5.png,\exists
forall_drawn_5.png,\forall
gamma_drawn_5.png,\gamma
geq_drawn_5.png,\geq
in_drawn_5.png,\in
infty_drawn_5.png,\infty
int_drawn_5.png,\int
iota_drawn_5.png,\iota
kappa_drawn_5.png,\kappa
lambda_drawn_5.png,\lambda
leftarrow_drawn_5.png,\leftarrow
leftharpoondown_drawn_5.png,\leftharpoondown
leftharpoonup_drawn_5.png,\leftharpoonup
leftrightarrow_drawn_5.png,\leftrightarrow
leq_drawn_5.png,\leq
longmapsto_drawn_6.png,\longmapsto
mapsto_drawn_6.png,\mapsto
mu_drawn_6.png,\mu
nabla_drawn_6.png,\nabla
nearrow_drawn_6.png,\nearrow
neg_drawn_6.png,\neg
neq_drawn_6.png,\neq
nexists_drawn_6.png,\nexists
notin_drawn_6.png,\notin
nu_drawn_5.png,\nu
nwarrow_drawn_5.png,\nwarrow
omega_drawn_5.png,\omega
oplus_drawn_5.png,\oplus
otimes_drawn_5.png,\otimes
partial_drawn_5.png,\partial
perp_drawn_5.png,\perp
phi_drawn_5.png,\phi
pi_drawn_5.png,\pi
psi_drawn_5.png,\psi
rho_drawn_5.png,\rho
rightarrow_drawn_5.png,\rightarrow
rightharpoondown_drawn_5.png,\rightharpoondown
rightharpoonup_drawn_5.png,\rightharpoonup
rightleftharpoons_drawn_5.png,\rightleftharpoons
searrow_drawn_5.png,\searrow
sigma_drawn_5.png,\sigma
simeq_drawn_5.png,\simeq
subset_drawn_5.png,\subset
sum_drawn_5.png,\sum
swarrow_drawn_5.png,\swarrow
tau_drawn_5.png,\tau
theta_drawn_5.png,\theta
times_drawn_5.png,\times
triangle_drawn_5.png,\triangle
uparrow_drawn_5.png,\uparrow
upsilon_drawn_6.png,\upsilon
varepsilon_drawn_6.png,\varepsilon
varnothing_drawn_6.png,\varnothing
varphi_drawn_6.png,\varphi
varrho_drawn_6.png,\varrho
vartheta_drawn_6.png,\vartheta
vee_drawn_6.png,\vee
wedge_drawn_6.png,\wedge
wp_drawn_6.png,\wp
xi_drawn_6.png,\xi
zeta_drawn_6.png,\zeta
a_drawn_6.png,a
b_drawn_6.png,b
c_drawn_6.png,c
d_drawn_6.png,d
e_drawn_6.png,e
f_drawn_6.png,f
g_drawn_6.png,g
h_drawn_6.png,h
i_drawn_6.png,i
j_drawn_6.png,j
k_drawn_6.png,k
l_drawn_6.png,l
m_drawn_6.png,m
n_drawn_6.png,n
o_drawn_6.png,o
p_drawn_6.png,p
q_drawn_6.png,q
r_drawn_6.png,r
s_drawn_6.png,s
t_drawn_6.png,t
u_drawn_6.png,u
v_drawn_7.png,v
w_drawn_7.png,w
x_drawn_7.png,x
y_drawn_7.png,y
z_drawn_7.png,z
Upper_A_drawn_7.png,A
Upper_B_drawn_7.png,B
Upper_C_drawn_7.png,C
Upper_D_drawn_7.png,D
Upper_E_drawn_7.png,E
Upper_F_drawn_7.png,F
Upper_G_drawn_7.png,G
Upper_H_drawn_7.png,H
Upper_I_drawn_7.png,I
Upper_J_drawn_7.png,J
Upper_K_drawn_7.png,K
Upper_L_drawn_7.png,L
Upper_M_drawn_7.png,M
Upper_N_drawn_7.png,N
Upper_O_drawn_7.png,O
Upper_P_drawn_7.png,P
Upper_Q_drawn_7.png,Q
Upper_R_drawn_7.png,R
Upper_S_drawn_7.png,S
Upper_T_drawn_7.png,T
Upper_U_drawn_7.png,U
Upper_V_drawn_8.png,V
Upper_W_drawn_8.png,W
Upper_X_drawn_8.png,X
Upper_Y_drawn_8.png,Y
Upper_Z_drawn_8.png,Z
Upper_Delta_drawn_8.png,\Delta
Upper_Downarrow_drawn_8.png,\Downarrow
Upper_Gamma_drawn_8.png,\Gamma
Upper_Im_drawn_8.png,\Im
Upper_Lambda_drawn_9.png,\Lambda
Upper_Leftarrow_drawn_10.png,\Leftarrow
Upper_Leftrightarrow_drawn_10.png,\Leftrightarrow
Upper_Omega_drawn_10.png,\Omega
Upper_Phi_drawn_9.png,\Phi
Upper_Pi_drawn_9.png,\Pi
Upper_Psi_drawn_9.png,\Psi
Upper_Re_drawn_8.png,\Re
Upper_Rightarrow_drawn_8.png,\Rightarrow
Upper_Sigma_drawn_8.png,\Sigma
Upper_Theta_drawn_7.png,\Theta
Upper_Uparrow_drawn_7.png,\Uparrow
Upper_Updownarrow_drawn_7.png,\Updownarrow
Upper_Upsilon_drawn_7.png,\Upsilon
Upper_Xi_drawn_8.png,\Xi
alpha_drawn_8.png,\alpha
approx_drawn_8.png,\approx
beta_drawn_8.png,\beta
blacksquare_drawn_8.png,\blacksquare
boxtimes_drawn_7.png,\boxtimes
cap_drawn_6.png,\cap
cdot_drawn_6.png,\cdot
cdots_drawn_6.png,\cdots
chi_drawn_8.png,\chi
complement_drawn_7.png,\complement
cong_drawn_7.png,\cong
cup_drawn_7.png,\cup
delta_drawn_7.png,\delta
div_drawn_6.png,\div
downarrow_drawn_6.png,\downarrow
emptyset_drawn_6.png,\emptyset
epsilon_drawn_6.png,\epsilon
equiv_drawn_6.png,\equiv
eta_drawn_6.png,\eta
exists_drawn_6.png,\exists
forall_drawn_6.png,\forall
gamma_drawn_6.png,\gamma
geq_drawn_6.png,\geq
in_drawn_6.png,\in
infty_drawn_6.png,\infty
int_drawn_6.png,\int
iota_drawn_6.png,\iota
kappa_drawn_6.png,\kappa
lambda_drawn_6.png,\lambda
leftarrow_drawn_6.png,\leftarrow
leftharpoondown_drawn_6.png,\leftharpoondown
leftharpoonup_drawn_6.png,\leftharpoonup
leftrightarrow_drawn_6.png,\leftrightarrow
leq_drawn_6.png,\leq
longmapsto_drawn_7.png,\longmapsto
mapsto_drawn_7.png,\mapsto
mu_drawn_7.png,\mu
nabla_drawn_7.png,\nabla
nearrow_drawn_7.png,\nearrow
neg_drawn_7.png,\neg
neq_drawn_7.png,\neq
nexists_drawn_7.png,\nexists
notin_drawn_7.png,\notin
nu_drawn_6.png,\nu
nwarrow_drawn_6.png,\nwarrow
omega_drawn_6.png,\omega
oplus_drawn_6.png,\oplus
otimes_drawn_6.png,\otimes
partial_drawn_6.png,\partial
perp_drawn_6.png,\perp
phi_drawn_6.png,\phi
pi_drawn_6.png,\pi
psi_drawn_6.png,\psi
rho_drawn_6.png,\rho
rightarrow_drawn_6.png,\rightarrow
rightharpoondown_drawn_6.png,\rightharpoondown
rightharpoonup_drawn_6.png,\rightharpoonup
rightleftharpoons_drawn_6.png,\rightleftharpoons
searrow_drawn_6.png,\searrow
sigma_drawn_6.png,\sigma
simeq_drawn_6.png,\simeq
subset_drawn_6.png,\subset
sum_drawn_6.png,\sum
swarrow_drawn_6.png,\swarrow
tau_drawn_6.png,\tau
theta_drawn_6.png,\theta
times_drawn_6.png,\times
triangle_drawn_6.png,\triangle
uparrow_drawn_6.png,\uparrow
upsilon_drawn_7.png,\upsilon
varepsilon_drawn_7.png,\varepsilon
varnothing_drawn_7.png,\varnothing
varphi_drawn_7.png,\varphi
varrho_drawn_7.png,\varrho
vartheta_drawn_7.png,\vartheta
vee_drawn_7.png,\vee
wedge_drawn_7.png,\wedge
wp_drawn_7.png,\wp
xi_drawn_7.png,\xi
zeta_drawn_7.png,\zeta
a_drawn_7.png,a
b_drawn_7.png,b
c_drawn_7.png,c
d_drawn_7.png,d
e_drawn_7.png,e
f_drawn_7.png,f
g_drawn_7.png,g
h_drawn_7.png,h
i_drawn_7.png,i
j_drawn_7.png,j
k_drawn_7.png,k
l_drawn_7.png,l
m_drawn_7.png,m
n_drawn_7.png,n
o_drawn_7.png,o
p_drawn_7.png,p
q_drawn_7.png,q
r_drawn_7.png,r
s_drawn_7.png,s
t_drawn_7.png,t
u_drawn_7.png,u
v_drawn_8.png,v
w_drawn_8.png,w
x_drawn_8.png,x
y_drawn_8.png,y
z_drawn_8.png,z
Upper_A_drawn_8.png,A
Upper_B_drawn_8.png,B
Upper_C_drawn_8.png,C
Upper_D_drawn_8.png,D
Upper_E_drawn_8.png,E
Upper_F_drawn_8.png,F
Upper_G_drawn_8.png,G
Upper_H_drawn_8.png,H
Upper_I_drawn_8.png,I
Upper_J_drawn_8.png,J
Upper_K_drawn_8.png,K
Upper_L_drawn_8.png,L
Upper_M_drawn_8.png,M
Upper_N_drawn_8.png,N
Upper_O_drawn_8.png,O
Upper_P_drawn_8.png,P
Upper_Q_drawn_8.png,Q
Upper_R_drawn_8.png,R
Upper_S_drawn_8.png,S
Upper_T_drawn_8.png,T
Upper_U_drawn_8.png,U
Upper_V_drawn_9.png,V
Upper_W_drawn_9.png,W
Upper_X_drawn_9.png,X
Upper_Y_drawn_9.png,Y
Upper_Z_drawn_9.png,Z
Upper_Delta_drawn_9.png,\Delta
Upper_Downarrow_drawn_9.png,\Downarrow
Upper_Gamma_drawn_9.png,\Gamma
Upper_Im_drawn_9.png,\Im
Upper_Lambda_drawn_10.png,\Lambda
Upper_Leftarrow_drawn_11.png,\Leftarrow
Upper_Leftrightarrow_drawn_11.png,\Leftrightarrow
Upper_Omega_drawn_11.png,\Omega
Upper_Phi_drawn_10.png,\Phi
Upper_Pi_drawn_10.png,\Pi
Upper_Psi_drawn_10.png,\Psi
Upper_Re_drawn_9.png,\Re
Upper_Rightarrow_drawn_9.png,\Rightarrow
Upper_Sigma_drawn_9.png,\Sigma
Upper_Theta_drawn_8.png,\Theta
Upper_Uparrow_drawn_8.png,\Uparrow
Upper_Updownarrow_drawn_8.png,\Updownarrow
Upper_Upsilon_drawn_8.png,\Upsilon
Upper_Xi_drawn_9.png,\Xi
alpha_drawn_9.png,\alpha
approx_drawn_9.png,\approx
beta_drawn_9.png,\beta
blacksquare_drawn_9.png,\blacksquare
boxtimes_drawn_8.png,\boxtimes
cap_drawn_7.png,\cap
cdot_drawn_7.png,\cdot
cdots_drawn_7.png,\cdots
chi_drawn_9.png,\chi
complement_drawn_8.png,\complement
cong_drawn_8.png,\cong
cup_drawn_8.png,\cup
delta_drawn_8.png,\delta
div_drawn_7.png,\div
downarrow_drawn_7.png,\downarrow
emptyset_drawn_7.png,\emptyset
Upper_G_drawn_9.png,G
Upper_H_drawn_9.png,H
Upper_I_drawn_9.png,I
Upper_J_drawn_9.png,J
Upper_K_drawn_9.png,K
Upper_L_drawn_9.png,L
Upper_M_drawn_9.png,M
Upper_N_drawn_9.png,N
Upper_O_drawn_9.png,O
Upper_P_drawn_9.png,P
Upper_Q_drawn_9.png,Q
Upper_R_drawn_9.png,R
Upper_S_drawn_9.png,S
Upper_T_drawn_9.png,T
Upper_U_drawn_9.png,U
Upper_V_drawn_10.png,V
Upper_W_drawn_10.png,W
Upper_X_drawn_10.png,X
Upper_Y_drawn_10.png,Y
Upper_Z_drawn_10.png,Z
Upper_Delta_drawn_10.png,\Delta
Upper_Downarrow_drawn_10.png,\Downarrow
Upper_Gamma_drawn_10.png,\Gamma
Upper_Im_drawn_10.png,\Im
Upper_Lambda_drawn_11.png,\Lambda
Upper_Leftarrow_drawn_12.png,\Leftarrow
Upper_Leftrightarrow_drawn_12.png,\Leftrightarrow
Upper_Omega_drawn_12.png,\Omega
Upper_Phi_drawn_11.png,\Phi
Upper_Pi_drawn_11.png,\Pi
Upper_Psi_drawn_11.png,\Psi
Upper_Re_drawn_10.png,\Re
Upper_Rightarrow_drawn_10.png,\Rightarrow
Upper_Sigma_drawn_10.png,\Sigma
Upper_Theta_drawn_9.png,\Theta
Upper_Uparrow_drawn_9.png,\Uparrow
Upper_Updownarrow_drawn_9.png,\Updownarrow
Upper_Upsilon_drawn_9.png,\Upsilon
Upper_Xi_drawn_10.png,\Xi
alpha_drawn_10.png,\alpha
approx_drawn_10.png,\approx
beta_drawn_10.png,\beta
blacksquare_drawn_10.png,\blacksquare
boxtimes_drawn_9.png,\boxtimes
cap_drawn_8.png,\cap
cdot_drawn_8.png,\cdot
cdots_drawn_8.png,\cdots
chi_drawn_10.png,\chi
complement_drawn_9.png,\complement
cong_drawn_9.png,\cong
cup_drawn_9.png,\cup
delta_drawn_9.png,\delta
div_drawn_8.png,\div
downarrow_drawn_8.png,\downarrow
emptyset_drawn_8.png,\emptyset
epsilon_drawn_7.png,\epsilon
equiv_drawn_7.png,\equiv
eta_drawn_7.png,\eta
exists_drawn_7.png,\exists
forall_drawn_7.png,\forall
gamma_drawn_7.png,\gamma
geq_drawn_7.png,\geq
in_drawn_7.png,\in
infty_drawn_7.png,\infty
int_drawn_7.png,\int
iota_drawn_7.png,\iota
kappa_drawn_7.png,\kappa
lambda_drawn_7.png,\lambda
leftarrow_drawn_7.png,\leftarrow
leftharpoondown_drawn_7.png,\leftharpoondown
leftharpoonup_drawn_7.png,\leftharpoonup
leftrightarrow_drawn_7.png,\leftrightarrow
leq_drawn_7.png,\leq
longmapsto_drawn_8.png,\longmapsto
mapsto_drawn_8.png,\mapsto
mu_drawn_8.png,\mu
nabla_drawn_8.png,\nabla
nearrow_drawn_8.png,\nearrow
neg_drawn_8.png,\neg
neq_drawn_8.png,\neq
nexists_drawn_8.png,\nexists
notin_drawn_8.png,\notin
nu_drawn_7.png,\nu
nwarrow_drawn_7.png,\nwarrow
omega_drawn_7.png,\omega
oplus_drawn_7.png,\oplus
otimes_drawn_7.png,\otimes
partial_drawn_7.png,\partial
perp_drawn_7.png,\perp
phi_drawn_7.png,\phi
phi_drawn_8.png,\phi
pi_drawn_7.png,\pi
psi_drawn_7.png,\psi
rho_drawn_7.png,\rho
rightarrow_drawn_7.png,\rightarrow
rightharpoondown_drawn_7.png,\rightharpoondown
rightharpoonup_drawn_7.png,\rightharpoonup
rightleftharpoons_drawn_7.png,\rightleftharpoons
searrow_drawn_7.png,\searrow
sigma_drawn_7.png,\sigma
simeq_drawn_7.png,\simeq
subset_drawn_7.png,\subset
sum_drawn_7.png,\sum
swarrow_drawn_7.png,\swarrow
tau_drawn_7.png,\tau
theta_drawn_7.png,\theta
times_drawn_7.png,\times
triangle_drawn_7.png,\triangle
uparrow_drawn_7.png,\uparrow
upsilon_drawn_8.png,\upsilon
varepsilon_drawn_8.png,\varepsilon
varnothing_drawn_8.png,\varnothing
varphi_drawn_8.png,\varphi
varrho_drawn_8.png,\varrho
vartheta_drawn_8.png,\vartheta
vee_drawn_8.png,\vee
wedge_drawn_8.png,\wedge
wp_drawn_8.png,\wp
xi_drawn_8.png,\xi
zeta_drawn_8.png,\zeta
a_drawn_8.png,a
b_drawn_8.png,b
c_drawn_8.png,c
d_drawn_8.png,d
e_drawn_8.png,e
f_drawn_8.png,f
g_drawn_8.png,g
h_drawn_8.png,h
i_drawn_8.png,i
j_drawn_8.png,j
k_drawn_8.png,k
l_drawn_8.png,l
m_drawn_8.png,m
n_drawn_8.png,n
o_drawn_8.png,o
p_drawn_8.png,p
q_drawn_8.png,q
r_drawn_8.png,r
s_drawn_8.png,s
t_drawn_8.png,t
u_drawn_8.png,u
v_drawn_9.png,v
w_drawn_9.png,w
x_drawn_9.png,x
y_drawn_9.png,y
z_drawn_9.png,z
space_drawn_0.png,~
space_drawn_1.png,~
space_drawn_2.png,~
space_drawn_3.png,~
space_drawn_4.png,~
space_drawn_5.png,~
space_drawn_6.png,~
space_drawn_7.png,~
space_drawn_8.png,~
space_drawn_9.png,~
Upper_C_drawn_9.png,C
Upper_D_drawn_9.png,D
Upper_E_drawn_9.png,E
Upper_F_drawn_9.png,F
Upper_G_drawn_10.png,G
Upper_H_drawn_10.png,H
Upper_I_drawn_10.png,I
Upper_J_drawn_10.png,J
Upper_K_drawn_10.png,K
Upper_L_drawn_10.png,L
Upper_M_drawn_10.png,M
Upper_N_drawn_10.png,N
Upper_O_drawn_10.png,O
Upper_P_drawn_10.png,P
Upper_Q_drawn_10.png,Q
Upper_R_drawn_10.png,R
Upper_S_drawn_10.png,S
Upper_T_drawn_10.png,T
Upper_U_drawn_10.png,U
Upper_V_drawn_11.png,V
Upper_W_drawn_11.png,W
Upper_X_drawn_11.png,X
Upper_Y_drawn_11.png,Y
Upper_Z_drawn_11.png,Z
Upper_Delta_drawn_11.png,\Delta
Upper_Downarrow_drawn_11.png,\Downarrow
Upper_Gamma_drawn_11.png,\Gamma
Upper_Im_drawn_11.png,\Im
Upper_Lambda_drawn_12.png,\Lambda
Upper_Leftarrow_drawn_13.png,\Leftarrow
Upper_Leftrightarrow_drawn_13.png,\Leftrightarrow
Upper_Omega_drawn_13.png,\Omega
Upper_Phi_drawn_12.png,\Phi
Upper_Pi_drawn_12.png,\Pi
Upper_Psi_drawn_12.png,\Psi
Upper_Re_drawn_11.png,\Re
Upper_Rightarrow_drawn_11.png,\Rightarrow
Upper_Sigma_drawn_11.png,\Sigma
Upper_Theta_drawn_10.png,\Theta
Upper_Uparrow_drawn_10.png,\Uparrow
Upper_Updownarrow_drawn_10.png,\Updownarrow
Upper_Upsilon_drawn_10.png,\Upsilon
Upper_Xi_drawn_11.png,\Xi
alpha_drawn_11.png,\alpha
approx_drawn_11.png,\approx
beta_drawn_11.png,\beta
blacksquare_drawn_11.png,\blacksquare
boxtimes_drawn_10.png,\boxtimes
cap_drawn_9.png,\cap
cdot_drawn_9.png,\cdot
cdots_drawn_9.png,\cdots
chi_drawn_11.png,\chi
complement_drawn_10.png,\complement
cong_drawn_10.png,\cong
cup_drawn_10.png,\cup
delta_drawn_10.png,\delta
div_drawn_9.png,\div
downarrow_drawn_9.png,\downarrow
emptyset_drawn_9.png,\emptyset
epsilon_drawn_8.png,\epsilon
equiv_drawn_8.png,\equiv
eta_drawn_8.png,\eta
exists_drawn_8.png,\exists
forall_drawn_8.png,\forall
gamma_drawn_8.png,\gamma
geq_drawn_8.png,\geq
in_drawn_8.png,\in
infty_drawn_8.png,\infty
int_drawn_8.png,\int
iota_drawn_8.png,\iota
kappa_drawn_8.png,\kappa
lambda_drawn_8.png,\lambda
leftarrow_drawn_8.png,\leftarrow
leftharpoondown_drawn_8.png,\leftharpoondown
leftharpoonup_drawn_8.png,\leftharpoonup
leftrightarrow_drawn_8.png,\leftrightarrow
leq_drawn_8.png,\leq
longmapsto_drawn_9.png,\longmapsto
mapsto_drawn_9.png,\mapsto
mu_drawn_9.png,\mu
nabla_drawn_9.png,\nabla
nearrow_drawn_9.png,\nearrow
neg_drawn_9.png,\neg
neq_drawn_9.png,\neq
nexists_drawn_9.png,\nexists
notin_drawn_9.png,\notin
nu_drawn_8.png,\nu
nwarrow_drawn_8.png,\nwarrow
omega_drawn_8.png,\omega
oplus_drawn_8.png,\oplus
otimes_drawn_8.png,\otimes
partial_drawn_8.png,\partial
perp_drawn_8.png,\perp
phi_drawn_9.png,\phi
pi_drawn_8.png,\pi
psi_drawn_8.png,\psi
rho_drawn_8.png,\rho
rightarrow_drawn_8.png,\rightarrow
rightharpoondown_drawn_8.png,\rightharpoondown
rightharpoonup_drawn_8.png,\rightharpoonup
rightleftharpoons_drawn_8.png,\rightleftharpoons
searrow_drawn_8.png,\searrow
sigma_drawn_8.png,\sigma
simeq_drawn_8.png,\simeq
subset_drawn_8.png,\subset
sum_drawn_8.png,\sum
swarrow_drawn_8.png,\swarrow
tau_drawn_8.png,\tau
theta_drawn_8.png,\theta
times_drawn_8.png,\times
triangle_drawn_8.png,\triangle
uparrow_drawn_8.png,\uparrow
upsilon_drawn_9.png,\upsilon
varepsilon_drawn_9.png,\varepsilon
varnothing_drawn_9.png,\varnothing
varphi_drawn_9.png,\varphi
varrho_drawn_9.png,\varrho
vartheta_drawn_9.png,\vartheta
vee_drawn_9.png,\vee
wedge_drawn_9.png,\wedge
wp_drawn_9.png,\wp
xi_drawn_9.png,\xi
zeta_drawn_9.png,\zeta
a_drawn_9.png,a
b_drawn_9.png,b
c_drawn_9.png,c
d_drawn_9.png,d
e_drawn_9.png,e
f_drawn_9.png,f
g_drawn_9.png,g
h_drawn_9.png,h
i_drawn_9.png,i
j_drawn_9.png,j
k_drawn_9.png,k
l_drawn_9.png,l
m_drawn_9.png,m
n_drawn_9.png,n
o_drawn_9.png,o
p_drawn_9.png,p
q_drawn_9.png,q
r_drawn_9.png,r
s_drawn_9.png,s
t_drawn_9.png,t
u_drawn_9.png,u
v_drawn_10.png,v
w_drawn_10.png,w
x_drawn_10.png,x
y_drawn_10.png,y
z_drawn_10.png,z
space_drawn_10.png,~
Upper_A_drawn_9.png,A
Upper_B_drawn_9.png,B
Upper_C_drawn_10.png,C
Upper_D_drawn_10.png,D
Upper_E_drawn_10.png,E
Upper_F_drawn_10.png,F
Upper_G_drawn_11.png,G
Upper_H_drawn_11.png,H
Upper_I_drawn_11.png,I
Upper_J_drawn_11.png,J
Upper_K_drawn_11.png,K
Upper_L_drawn_11.png,L
Upper_M_drawn_11.png,M
Upper_N_drawn_11.png,N
Upper_O_drawn_11.png,O
Upper_P_drawn_11.png,P
Upper_Q_drawn_11.png,Q
Upper_R_drawn_11.png,R
Upper_S_drawn_11.png,S
Upper_T_drawn_11.png,T
Upper_U_drawn_11.png,U
Upper_V_drawn_12.png,V
Upper_W_drawn_12.png,W
Upper_X_drawn_12.png,X
Upper_Y_drawn_12.png,Y
Upper_Z_drawn_12.png,Z
Upper_Delta_drawn_12.png,\Delta
Upper_Downarrow_drawn_12.png,\Downarrow
Upper_Gamma_drawn_12.png,\Gamma
Upper_Im_drawn_12.png,\Im
Upper_Lambda_drawn_13.png,\Lambda
Upper_Leftarrow_drawn_14.png,\Leftarrow
Upper_Leftrightarrow_drawn_14.png,\Leftrightarrow
Upper_Omega_drawn_14.png,\Omega
Upper_Phi_drawn_13.png,\Phi
Upper_Pi_drawn_13.png,\Pi
Upper_Psi_drawn_13.png,\Psi
Upper_Re_drawn_12.png,\Re
Upper_Rightarrow_drawn_12.png,\Rightarrow
Upper_Sigma_drawn_12.png,\Sigma
Upper_Theta_drawn_11.png,\Theta
Upper_Uparrow_drawn_11.png,\Uparrow
Upper_Updownarrow_drawn_11.png,\Updownarrow
Upper_Upsilon_drawn_11.png,\Upsilon
Upper_Xi_drawn_12.png,\Xi
alpha_drawn_12.png,\alpha
approx_drawn_12.png,\approx
beta_drawn_12.png,\beta
blacksquare_drawn_12.png,\blacksquare
boxtimes_drawn_11.png,\boxtimes
cap_drawn_10.png,\cap
cdot_drawn_10.png,\cdot
cdots_drawn_10.png,\cdots
chi_drawn_12.png,\chi
complement_drawn_11.png,\complement
cong_drawn_11.png,\cong
omega_drawn_9.png,\omega
oplus_drawn_9.png,\oplus
otimes_drawn_9.png,\otimes
partial_drawn_9.png,\partial
perp_drawn_9.png,\perp
phi_drawn_10.png,\phi
pi_drawn_9.png,\pi
psi_drawn_9.png,\psi
rho_drawn_9.png,\rho
rightarrow_drawn_9.png,\rightarrow
rightharpoondown_drawn_9.png,\rightharpoondown
rightharpoonup_drawn_9.png,\rightharpoonup
rightleftharpoons_drawn_9.png,\rightleftharpoons
searrow_drawn_9.png,\searrow
sigma_drawn_9.png,\sigma
simeq_drawn_9.png,\simeq
Upper_K_drawn_12.png,K
Upper_L_drawn_12.png,L
Upper_M_drawn_12.png,M
Upper_N_drawn_12.png,N
Upper_O_drawn_12.png,O
Upper_P_drawn_12.png,P
Upper_Q_drawn_12.png,Q
Upper_R_drawn_12.png,R
Upper_S_drawn_12.png,S
Upper_T_drawn_12.png,T
Upper_U_drawn_12.png,U
Upper_V_drawn_13.png,V
Upper_W_drawn_13.png,W
Upper_X_drawn_13.png,X
Upper_Y_drawn_13.png,Y
Upper_Z_drawn_13.png,Z
Upper_Delta_drawn_13.png,\Delta
Upper_Downarrow_drawn_13.png,\Downarrow
Upper_Gamma_drawn_13.png,\Gamma
Upper_Im_drawn_13.png,\Im
Upper_Lambda_drawn_14.png,\Lambda
Upper_Leftarrow_drawn_15.png,\Leftarrow
Upper_Leftrightarrow_drawn_15.png,\Leftrightarrow
Upper_Omega_drawn_15.png,\Omega
Upper_Phi_drawn_14.png,\Phi
Upper_Pi_drawn_14.png,\Pi
Upper_Psi_drawn_14.png,\Psi
Upper_Re_drawn_13.png,\Re
Upper_Rightarrow_drawn_13.png,\Rightarrow
Upper_Sigma_drawn_13.png,\Sigma
Upper_Theta_drawn_12.png,\Theta
Upper_Uparrow_drawn_12.png,\Uparrow
Upper_Updownarrow_drawn_12.png,\Updownarrow
Upper_Upsilon_drawn_12.png,\Upsilon
Upper_Xi_drawn_13.png,\Xi
alpha_drawn_13.png,\alpha
approx_drawn_13.png,\approx
beta_drawn_13.png,\beta
blacksquare_drawn_13.png,\blacksquare
boxtimes_drawn_12.png,\boxtimes
cap_drawn_11.png,\cap
cdot_drawn_11.png,\cdot
cdots_drawn_11.png,\cdots
chi_drawn_13.png,\chi
complement_drawn_12.png,\complement
cong_drawn_12.png,\cong
cup_drawn_11.png,\cup
delta_drawn_11.png,\delta
div_drawn_10.png,\div
downarrow_drawn_10.png,\downarrow
emptyset_drawn_10.png,\emptyset
epsilon_drawn_9.png,\epsilon
equiv_drawn_9.png,\equiv
eta_drawn_9.png,\eta
exists_drawn_9.png,\exists
forall_drawn_9.png,\forall
gamma_drawn_9.png,\gamma
geq_drawn_9.png,\geq
in_drawn_9.png,\in
infty_drawn_9.png,\infty
int_drawn_9.png,\int
iota_drawn_9.png,\iota
kappa_drawn_9.png,\kappa
lambda_drawn_9.png,\lambda
leftarrow_drawn_9.png,\leftarrow
leftharpoondown_drawn_9.png,\leftharpoondown
leftharpoonup_drawn_9.png,\leftharpoonup
leftrightarrow_drawn_9.png,\leftrightarrow
leq_drawn_9.png,\leq
longmapsto_drawn_10.png,\longmapsto
mapsto_drawn_10.png,\mapsto
mu_drawn_10.png,\mu
nabla_drawn_10.png,\nabla
nearrow_drawn_10.png,\nearrow
neg_drawn_10.png,\neg
neq_drawn_10.png,\neq
nexists_drawn_10.png,\nexists
notin_drawn_10.png,\notin
nu_drawn_9.png,\nu
nwarrow_drawn_9.png,\nwarrow
omega_drawn_10.png,\omega
oplus_drawn_10.png,\oplus
otimes_drawn_10.png,\otimes
partial_drawn_10.png,\partial
perp_drawn_10.png,\perp
phi_drawn_11.png,\phi
pi_drawn_10.png,\pi
psi_drawn_10.png,\psi
rho_drawn_10.png,\rho
rightarrow_drawn_10.png,\rightarrow
rightharpoondown_drawn_10.png,\rightharpoondown
rightharpoonup_drawn_10.png,\rightharpoonup
rightleftharpoons_drawn_10.png,\rightleftharpoons
searrow_drawn_10.png,\searrow
sigma_drawn_10.png,\sigma
simeq_drawn_10.png,\simeq
subset_drawn_9.png,\subset
sum_drawn_9.png,\sum
swarrow_drawn_9.png,\swarrow
tau_drawn_9.png,\tau
theta_drawn_9.png,\theta
times_drawn_9.png,\times
triangle_drawn_9.png,\triangle
uparrow_drawn_9.png,\uparrow
upsilon_drawn_10.png,\upsilon
varepsilon_drawn_10.png,\varepsilon
varnothing_drawn_10.png,\varnothing
varphi_drawn_10.png,\varphi
varrho_drawn_10.png,\varrho
vartheta_drawn_10.png,\vartheta
vee_drawn_10.png,\vee
wedge_drawn_10.png,\wedge
wp_drawn_10.png,\wp
xi_drawn_10.png,\xi
zeta_drawn_10.png,\zeta
a_drawn_10.png,a
b_drawn_10.png,b
c_drawn_10.png,c
d_drawn_10.png,d
e_drawn_10.png,e
f_drawn_10.png,f
g_drawn_10.png,g
h_drawn_10.png,h
i_drawn_10.png,i
j_drawn_10.png,j
k_drawn_10.png,k
l_drawn_10.png,l
m_drawn_10.png,m
n_drawn_10.png,n
o_drawn_10.png,o
p_drawn_10.png,p
q_drawn_10.png,q
r_drawn_10.png,r
s_drawn_10.png,s
t_drawn_10.png,t
u_drawn_10.png,u
v_drawn_11.png,v
w_drawn_11.png,w
x_drawn_11.png,x
y_drawn_11.png,y
z_drawn_11.png,z
space_drawn_11.png,~
Upper_A_drawn_10.png,A
Upper_B_drawn_10.png,B
Upper_I_drawn_12.png,I
Upper_J_drawn_12.png,J
Upper_K_drawn_13.png,K
Upper_L_drawn_13.png,L
Upper_M_drawn_13.png,M
Upper_N_drawn_13.png,N
Upper_O_drawn_13.png,O
Upper_P_drawn_13.png,P
Upper_Q_drawn_13.png,Q
Upper_R_drawn_13.png,R
Upper_S_drawn_13.png,S
Upper_T_drawn_13.png,T
Upper_U_drawn_13.png,U
Upper_V_drawn_14.png,V
Upper_W_drawn_14.png,W
Upper_X_drawn_14.png,X
Upper_Y_drawn_14.png,Y
Upper_Z_drawn_14.png,Z
Upper_Delta_drawn_14.png,\Delta
Upper_Downarrow_drawn_14.png,\Downarrow
Upper_Gamma_drawn_14.png,\Gamma
Upper_Im_drawn_14.png,\Im
Upper_Lambda_drawn_15.png,\Lambda
Upper_Leftarrow_drawn_16.png,\Leftarrow
Upper_Leftrightarrow_drawn_16.png,\Leftrightarrow
Upper_Omega_drawn_16.png,\Omega
Upper_Phi_drawn_15.png,\Phi
Upper_Pi_drawn_15.png,\Pi
Upper_Psi_drawn_15.png,\Psi
Upper_Re_drawn_14.png,\Re
Upper_Rightarrow_drawn_14.png,\Rightarrow
Upper_Sigma_drawn_14.png,\Sigma
Upper_Theta_drawn_13.png,\Theta
Upper_Uparrow_drawn_13.png,\Uparrow
Upper_Updownarrow_drawn_13.png,\Updownarrow
Upper_Upsilon_drawn_13.png,\Upsilon
Upper_Xi_drawn_14.png,\Xi
alpha_drawn_14.png,\alpha
approx_drawn_14.png,\approx
beta_drawn_14.png,\beta
blacksquare_drawn_14.png,\blacksquare
boxtimes_drawn_13.png,\boxtimes
cap_drawn_12.png,\cap
cdot_drawn_12.png,\cdot
cdots_drawn_12.png,\cdots
chi_drawn_14.png,\chi
complement_drawn_13.png,\complement
cong_drawn_13.png,\cong
cup_drawn_12.png,\cup
delta_drawn_12.png,\delta
div_drawn_11.png,\div
downarrow_drawn_11.png,\downarrow
emptyset_drawn_11.png,\emptyset
epsilon_drawn_10.png,\epsilon
equiv_drawn_10.png,\equiv
eta_drawn_10.png,\eta
exists_drawn_10.png,\exists
forall_drawn_10.png,\forall
gamma_drawn_10.png,\gamma
geq_drawn_10.png,\geq
in_drawn_10.png,\in
infty_drawn_10.png,\infty
int_drawn_10.png,\int
iota_drawn_10.png,\iota
kappa_drawn_10.png,\kappa
lambda_drawn_10.png,\lambda
leftarrow_drawn_10.png,\leftarrow
leftharpoondown_drawn_10.png,\leftharpoondown
leftharpoonup_drawn_10.png,\leftharpoonup
leftrightarrow_drawn_10.png,\leftrightarrow
leq_drawn_10.png,\leq
longmapsto_drawn_11.png,\longmapsto
mapsto_drawn_11.png,\mapsto
mu_drawn_11.png,\mu
nabla_drawn_11.png,\nabla
nearrow_drawn_11.png,\nearrow
neg_drawn_11.png,\neg
neq_drawn_11.png,\neq
nexists_drawn_11.png,\nexists
notin_drawn_11.png,\notin
nu_drawn_10.png,\nu
nwarrow_drawn_10.png,\nwarrow
omega_drawn_11.png,\omega
oplus_drawn_11.png,\oplus
otimes_drawn_11.png,\otimes
partial_drawn_11.png,\partial
perp_drawn_11.png,\perp
phi_drawn_12.png,\phi
pi_drawn_11.png,\pi
psi_drawn_11.png,\psi
rho_drawn_11.png,\rho
rightarrow_drawn_11.png,\rightarrow
rightharpoondown_drawn_11.png,\rightharpoondown
rightharpoonup_drawn_11.png,\rightharpoonup
rightleftharpoons_drawn_11.png,\rightleftharpoons
searrow_drawn_11.png,\searrow
sigma_drawn_11.png,\sigma
simeq_drawn_11.png,\simeq
subset_drawn_10.png,\subset
sum_drawn_10.png,\sum
swarrow_drawn_10.png,\swarrow
tau_drawn_10.png,\tau
theta_drawn_10.png,\theta
times_drawn_10.png,\times
triangle_drawn_10.png,\triangle
uparrow_drawn_10.png,\uparrow
upsilon_drawn_11.png,\upsilon
varepsilon_drawn_11.png,\varepsilon
varnothing_drawn_11.png,\varnothing
varphi_drawn_11.png,\varphi
varrho_drawn_11.png,\varrho
vartheta_drawn_11.png,\vartheta
vee_drawn_11.png,\vee
wedge_drawn_11.png,\wedge
wp_drawn_11.png,\wp
xi_drawn_11.png,\xi
zeta_drawn_11.png,\zeta
a_drawn_11.png,a
b_drawn_11.png,b
c_drawn_11.png,c
d_drawn_11.png,d
e_drawn_11.png,e
f_drawn_11.png,f
g_drawn_11.png,g
h_drawn_11.png,h
i_drawn_11.png,i
j_drawn_11.png,j
k_drawn_11.png,k
l_drawn_11.png,l
m_drawn_11.png,m
n_drawn_11.png,n
o_drawn_11.png,o
p_drawn_11.png,p
q_drawn_11.png,q
r_drawn_11.png,r
s_drawn_11.png,s
t_drawn_11.png,t
u_drawn_11.png,u
v_drawn_12.png,v
w_drawn_12.png,w
x_drawn_12.png,x
y_drawn_12.png,y
z_drawn_12.png,z
bigcup_drawn_0.png,\bigcup
bigcap_drawn_0.png,\bigcap
setminus_drawn_0.png,\setminus
sqcup_drawn_0.png,\sqcup
mathcal_P_drawn_0.png,\mathcal{P}
mathfrak_P_drawn_0.png,\mathfrak{P}
subsetneq_drawn_0.png,\subsetneq
subseteq_drawn_0.png,\subseteq
supset_drawn_0.png,\supset
supsetneq_drawn_0.png,\supsetneq
supseteq_drawn_0.png,\supseteq
ni_drawn_0.png,\ni
mathbb_A_drawn_0.png,\mathbb{A}
mathbb_B_drawn_0.png,\mathbb{B}
mathbb_C_drawn_0.png,\mathbb{C}
mathbb_D_drawn_0.png,\mathbb{D}
mathbb_E_drawn_0.png,\mathbb{E}
mathbb_F_drawn_0.png,\mathbb{F}
mathbb_G_drawn_0.png,\mathbb{G}
mathbb_H_drawn_0.png,\mathbb{H}
mathbb_I_drawn_0.png,\mathbb{I}
mathbb_J_drawn_0.png,\mathbb{J}
mathbb_K_drawn_0.png,\mathbb{K}
mathbb_L_drawn_0.png,\mathbb{L}
mathbb_M_drawn_0.png,\mathbb{M}
mathbb_N_drawn_0.png,\mathbb{N}
mathbb_O_drawn_0.png,\mathbb{O}
mathbb_P_drawn_0.png,\mathbb{P}
mathbb_Q_drawn_0.png,\mathbb{Q}
mathbb_R_drawn_0.png,\mathbb{R}
mathbb_S_drawn_0.png,\mathbb{S}
mathbb_T_drawn_0.png,\mathbb{T}
mathbb_U_drawn_0.png,\mathbb{U}
mathbb_V_drawn_0.png,\mathbb{V}
mathbb_W_drawn_0.png,\mathbb{W}
mathbb_X_drawn_0.png,\mathbb{X}
mathbb_Y_drawn_0.png,\mathbb{Y}
mathbb_Z_drawn_0.png,\mathbb{Z}
vert_drawn_0.png,\vert
aleph_drawn_0.png,\aleph
beth_drawn_0.png,\beth
plus_symb_drawn_0.png,+
minus_symb_drawn_0.png,-
pm_drawn_0.png,\pm
mp_drawn_0.png,\mp
propto_drawn_0.png,\propto
sim_drawn_0.png,\sim
leqq_drawn_0.png,\leqq
geqq_drawn_0.png,\geqq
ll_drawn_0.png,\ll
gg_drawn_0.png,\gg
lll_drawn_0.png,\lll
ggg_drawn_0.png,\ggg
lessgtr_drawn_0.png,\lessgtr
gtrless_drawn_0.png,\gtrless
prec_drawn_0.png,\prec
succ_drawn_0.png,\succ
preccurlyeq_drawn_0.png,\preccurlyeq
succcurlyeq_drawn_0.png,\succcurlyeq
mid_drawn_0.png,\mid
parallel_drawn_0.png,\parallel
nmid_drawn_0.png,\nmid
sqcap_drawn_0.png,\sqcap
sqcup_drawn_1.png,\sqcup
percent_symb_drawn_0.png,\%
sqrt_drawn_1.png,\sqrt{.}
percent_symb_drawn_1.png,\%
ast_drawn_0.png,\ast
prod_drawn_0.png,\prod
coprod_drawn_0.png,\coprod
to_drawn_0.png,\to
circ_drawn_0.png,\circ
oint_drawn_0.png,\oint
iint_drawn_0.png,\iint
iiint_drawn_0.png,\iiint
colon_drawn_0.png,\colon
bullet_drawn_0.png,\bullet
rtimes_drawn_0.png,\rtimes
rangle_drawn_0.png,\rangle
nsim_drawn_0.png,\nsim
veebar_drawn_0.png,\veebar
num0_drawn_0.png,0
num1_drawn_0.png,1
num2_drawn_0.png,2
num3_drawn_0.png,3
num4_drawn_0.png,4
num5_drawn_0.png,5
num6_drawn_0.png,6
num7_drawn_0.png,7
num8_drawn_0.png,8
num9_drawn_0.png,9
num0_drawn_1.png,0
bigcup_drawn_1.png,\bigcup
bigcap_drawn_1.png,\bigcap
setminus_drawn_1.png,\setminus
sqcup_drawn_2.png,\sqcup
mathcal_P_drawn_1.png,\mathcal{P}
mathfrak_P_drawn_1.png,\mathfrak{P}
subsetneq_drawn_1.png,\subsetneq
subseteq_drawn_1.png,\subseteq
supset_drawn_1.png,\supset
supsetneq_drawn_1.png,\supsetneq
supseteq_drawn_1.png,\supseteq
ni_drawn_1.png,\ni
mathbb_A_drawn_1.png,\mathbb{A}
mathbb_B_drawn_1.png,\mathbb{B}
mathbb_C_drawn_1.png,\mathbb{C}
mathbb_D_drawn_1.png,\mathbb{D}
mathbb_E_drawn_1.png,\mathbb{E}
mathbb_F_drawn_1.png,\mathbb{F}
hat_drawn_0.png,\hat{}
mathbb_G_drawn_1.png,\mathbb{G}
mathbb_H_drawn_1.png,\mathbb{H}
mathbb_I_drawn_1.png,\mathbb{I}
mathbb_J_drawn_1.png,\mathbb{J}
mathbb_K_drawn_1.png,\mathbb{K}
mathbb_L_drawn_1.png,\mathbb{L}
mathbb_M_drawn_1.png,\mathbb{M}
mathbb_N_drawn_1.png,\mathbb{N}
mathbb_O_drawn_1.png,\mathbb{O}
mathbb_P_drawn_1.png,\mathbb{P}
mathbb_Q_drawn_1.png,\mathbb{Q}
mathbb_R_drawn_1.png,\mathbb{R}
mathbb_S_drawn_1.png,\mathbb{S}
mathbb_T_drawn_1.png,\mathbb{T}
mathbb_U_drawn_1.png,\mathbb{U}
mathbb_V_drawn_1.png,\mathbb{V}
mathbb_W_drawn_1.png,\mathbb{W}
mathbb_X_drawn_1.png,\mathbb{X}
mathbb_Y_drawn_1.png,\mathbb{Y}
mathbb_Z_drawn_1.png,\mathbb{Z}
vert_drawn_1.png,\vert
aleph_drawn_1.png,\aleph
beth_drawn_1.png,\beth
plus_symb_drawn_1.png,+
minus_symb_drawn_1.png,-
pm_drawn_1.png,\pm
mp_drawn_1.png,\mp
propto_drawn_1.png,\propto
sim_drawn_1.png,\sim
leqq_drawn_1.png,\leqq
geqq_drawn_1.png,\geqq
ll_drawn_1.png,\ll
gg_drawn_1.png,\gg
lll_drawn_1.png,\lll
ggg_drawn_1.png,\ggg
lessgtr_drawn_1.png,\lessgtr
gtrless_drawn_1.png,\gtrless
prec_drawn_1.png,\prec
succ_drawn_1.png,\succ
preccurlyeq_drawn_1.png,\preccurlyeq
succcurlyeq_drawn_1.png,\succcurlyeq
mid_drawn_1.png,\mid
parallel_drawn_1.png,\parallel
nmid_drawn_1.png,\nmid
sqcap_drawn_1.png,\sqcap
sqcup_drawn_3.png,\sqcup
sqrt_drawn_2.png,\sqrt{.}
percent_symb_drawn_0.png,\%
ast_drawn_1.png,\ast
prod_drawn_1.png,\prod
coprod_drawn_1.png,\coprod
to_drawn_1.png,\to
circ_drawn_1.png,\circ
hat_drawn_1.png,\hat{}
oint_drawn_1.png,\oint
iint_drawn_1.png,\iint
iiint_drawn_1.png,\iiint
colon_drawn_1.png,\colon
bullet_drawn_1.png,\bullet
rtimes_drawn_1.png,\rtimes
rangle_drawn_1.png,\rangle
nsim_drawn_1.png,\nsim
veebar_drawn_1.png,\veebar
num0_drawn_2.png,0
num1_drawn_1.png,1
num2_drawn_1.png,2
num3_drawn_1.png,3
num4_drawn_1.png,4
num5_drawn_1.png,5
num6_drawn_1.png,6
num7_drawn_1.png,7
num8_drawn_1.png,8
num9_drawn_1.png,9
bigcup_drawn_2.png,\bigcup
bigcap_drawn_2.png,\bigcap
setminus_drawn_2.png,\setminus
sqcup_drawn_4.png,\sqcup
mathcal_P_drawn_2.png,\mathcal{P}
mathfrak_P_drawn_2.png,\mathfrak{P}
subsetneq_drawn_2.png,\subsetneq
subseteq_drawn_2.png,\subseteq
supset_drawn_2.png,\supset
supsetneq_drawn_2.png,\supsetneq
supseteq_drawn_2.png,\supseteq
ni_drawn_2.png,\ni
mathbb_A_drawn_2.png,\mathbb{A}
mathbb_B_drawn_2.png,\mathbb{B}
mathbb_C_drawn_2.png,\mathbb{C}
mathbb_D_drawn_2.png,\mathbb{D}
mathbb_E_drawn_2.png,\mathbb{E}
mathbb_F_drawn_2.png,\mathbb{F}
mathbb_G_drawn_2.png,\mathbb{G}
mathbb_H_drawn_2.png,\mathbb{H}
mathbb_I_drawn_2.png,\mathbb{I}
mathbb_J_drawn_2.png,\mathbb{J}
mathbb_K_drawn_2.png,\mathbb{K}
mathbb_L_drawn_2.png,\mathbb{L}
mathbb_M_drawn_2.png,\mathbb{M}
mathbb_N_drawn_2.png,\mathbb{N}
mathbb_O_drawn_2.png,\mathbb{O}
mathbb_P_drawn_2.png,\mathbb{P}
mathbb_Q_drawn_2.png,\mathbb{Q}
mathbb_R_drawn_2.png,\mathbb{R}
mathbb_S_drawn_2.png,\mathbb{S}
mathbb_T_drawn_2.png,\mathbb{T}
mathbb_U_drawn_2.png,\mathbb{U}
mathbb_V_drawn_2.png,\mathbb{V}
mathbb_W_drawn_2.png,\mathbb{W}
mathbb_X_drawn_2.png,\mathbb{X}
mathbb_Y_drawn_2.png,\mathbb{Y}
mathbb_Z_drawn_2.png,\mathbb{Z}
vert_drawn_2.png,\vert
aleph_drawn_2.png,\aleph
beth_drawn_2.png,\beth
plus_symb_drawn_2.png,+
minus_symb_drawn_2.png,-
pm_drawn_2.png,\pm
mp_drawn_2.png,\mp
propto_drawn_2.png,\propto
sim_drawn_2.png,\sim
leqq_drawn_2.png,\leqq
geqq_drawn_2.png,\geqq
ll_drawn_2.png,\ll
gg_drawn_2.png,\gg
lll_drawn_2.png,\lll
ggg_drawn_2.png,\ggg
lessgtr_drawn_2.png,\lessgtr
gtrless_drawn_2.png,\gtrless
prec_drawn_2.png,\prec
succ_drawn_2.png,\succ
preccurlyeq_drawn_2.png,\preccurlyeq
succcurlyeq_drawn_2.png,\succcurlyeq
mid_drawn_2.png,\mid
parallel_drawn_2.png,\parallel
nmid_drawn_2.png,\nmid
sqcap_drawn_2.png,\sqcap
sqcup_drawn_5.png,\sqcup
sqrt_drawn_3.png,\sqrt{.}
percent_symb_drawn_2.png,\%
ast_drawn_2.png,\ast
prod_drawn_2.png,\prod
coprod_drawn_2.png,\coprod
to_drawn_2.png,\to
circ_drawn_2.png,\circ
hat_drawn_2.png,\hat{}
oint_drawn_2.png,\oint
iint_drawn_2.png,\iint
iiint_drawn_2.png,\iiint
colon_drawn_2.png,\colon
bullet_drawn_2.png,\bullet
rtimes_drawn_2.png,\rtimes
rangle_drawn_2.png,\rangle
nsim_drawn_2.png,\nsim
veebar_drawn_2.png,\veebar
num0_drawn_3.png,0
num1_drawn_2.png,1
num2_drawn_2.png,2
num3_drawn_2.png,3
num4_drawn_2.png,4
num5_drawn_2.png,5
num6_drawn_2.png,6
num7_drawn_2.png,7
num8_drawn_2.png,8
num9_drawn_2.png,9
bigcup_drawn_3.png,\bigcup
bigcap_drawn_3.png,\bigcap
setminus_drawn_3.png,\setminus
sqcup_drawn_6.png,\sqcup
mathcal_P_drawn_3.png,\mathcal{P}
mathfrak_P_drawn_3.png,\mathfrak{P}
subsetneq_drawn_3.png,\subsetneq
subseteq_drawn_3.png,\subseteq
supset_drawn_3.png,\supset
supsetneq_drawn_3.png,\supsetneq
supseteq_drawn_3.png,\supseteq
ni_drawn_3.png,\ni
mathbb_A_drawn_3.png,\mathbb{A}
mathbb_B_drawn_3.png,\mathbb{B}
mathbb_C_drawn_3.png,\mathbb{C}
mathbb_D_drawn_3.png,\mathbb{D}
mathbb_E_drawn_3.png,\mathbb{E}
mathbb_F_drawn_3.png,\mathbb{F}
mathbb_G_drawn_3.png,\mathbb{G}
mathbb_H_drawn_3.png,\mathbb{H}
mathbb_I_drawn_3.png,\mathbb{I}
mathbb_J_drawn_3.png,\mathbb{J}
mathbb_K_drawn_3.png,\mathbb{K}
mathbb_L_drawn_3.png,\mathbb{L}
mathbb_M_drawn_3.png,\mathbb{M}
mathbb_N_drawn_3.png,\mathbb{N}
mathbb_O_drawn_3.png,\mathbb{O}
mathbb_P_drawn_3.png,\mathbb{P}
mathbb_Q_drawn_3.png,\mathbb{Q}
mathbb_R_drawn_3.png,\mathbb{R}
mathbb_S_drawn_3.png,\mathbb{S}
mathbb_T_drawn_3.png,\mathbb{T}
mathbb_U_drawn_3.png,\mathbb{U}
mathbb_V_drawn_3.png,\mathbb{V}
mathbb_W_drawn_3.png,\mathbb{W}
mathbb_X_drawn_3.png,\mathbb{X}
mathbb_Y_drawn_3.png,\mathbb{Y}
mathbb_Z_drawn_3.png,\mathbb{Z}
vert_drawn_3.png,\vert
aleph_drawn_3.png,\aleph
beth_drawn_3.png,\beth
plus_symb_drawn_3.png,+
minus_symb_drawn_3.png,-
pm_drawn_3.png,\pm
mp_drawn_3.png,\mp
propto_drawn_3.png,\propto
sim_drawn_3.png,\sim
leqq_drawn_3.png,\leqq
geqq_drawn_3.png,\geqq
ll_drawn_3.png,\ll
gg_drawn_3.png,\gg
lll_drawn_3.png,\lll
ggg_drawn_3.png,\ggg
lessgtr_drawn_3.png,\lessgtr
gtrless_drawn_3.png,\gtrless
prec_drawn_3.png,\prec
succ_drawn_3.png,\succ
preccurlyeq_drawn_3.png,\preccurlyeq
succcurlyeq_drawn_3.png,\succcurlyeq
mid_drawn_3.png,\mid
parallel_drawn_3.png,\parallel
nmid_drawn_3.png,\nmid
sqcap_drawn_3.png,\sqcap
sqcup_drawn_7.png,\sqcup
sqrt_drawn_4.png,\sqrt{.}
percent_symb_drawn_3.png,\%
ast_drawn_3.png,\ast
prod_drawn_3.png,\prod
coprod_drawn_3.png,\coprod
to_drawn_3.png,\to
circ_drawn_3.png,\circ
hat_drawn_3.png,\hat{}
oint_drawn_3.png,\oint
iint_drawn_3.png,\iint
iiint_drawn_3.png,\iiint
colon_drawn_3.png,\colon
bullet_drawn_3.png,\bullet
rtimes_drawn_3.png,\rtimes
rangle_drawn_3.png,\rangle
nsim_drawn_3.png,\nsim
veebar_drawn_3.png,\veebar
num0_drawn_4.png,0
num1_drawn_3.png,1
num2_drawn_3.png,2
num3_drawn_3.png,3
num4_drawn_3.png,4
num5_drawn_3.png,5
num6_drawn_3.png,6
num7_drawn_3.png,7
num8_drawn_3.png,8
num9_drawn_3.png,9
bigcup_drawn_4.png,\bigcup
bigcap_drawn_4.png,\bigcap
setminus_drawn_4.png,\setminus
sqcup_drawn_8.png,\sqcup
mathcal_P_drawn_4.png,\mathcal{P}
mathfrak_P_drawn_4.png,\mathfrak{P}
subsetneq_drawn_4.png,\subsetneq
subseteq_drawn_4.png,\subseteq
supset_drawn_4.png,\supset
supsetneq_drawn_4.png,\supsetneq
supseteq_drawn_4.png,\supseteq
ni_drawn_4.png,\ni
mathbb_A_drawn_4.png,\mathbb{A}
mathbb_B_drawn_4.png,\mathbb{B}
mathbb_C_drawn_4.png,\mathbb{C}
mathbb_D_drawn_4.png,\mathbb{D}
mathbb_E_drawn_4.png,\mathbb{E}
mathbb_F_drawn_4.png,\mathbb{F}
mathbb_G_drawn_4.png,\mathbb{G}
mathbb_H_drawn_4.png,\mathbb{H}
mathbb_I_drawn_4.png,\mathbb{I}
mathbb_J_drawn_4.png,\mathbb{J}
mathbb_K_drawn_4.png,\mathbb{K}
mathbb_L_drawn_4.png,\mathbb{L}
mathbb_M_drawn_4.png,\mathbb{M}
mathbb_N_drawn_4.png,\mathbb{N}
mathbb_O_drawn_4.png,\mathbb{O}
mathbb_P_drawn_4.png,\mathbb{P}
mathbb_Q_drawn_4.png,\mathbb{Q}
mathbb_R_drawn_4.png,\mathbb{R}
mathbb_S_drawn_4.png,\mathbb{S}
mathbb_T_drawn_4.png,\mathbb{T}
mathbb_U_drawn_4.png,\mathbb{U}
mathbb_V_drawn_4.png,\mathbb{V}
mathbb_W_drawn_4.png,\mathbb{W}
mathbb_X_drawn_4.png,\mathbb{X}
mathbb_Y_drawn_4.png,\mathbb{Y}
mathbb_Z_drawn_4.png,\mathbb{Z}
vert_drawn_4.png,\vert
aleph_drawn_4.png,\aleph
beth_drawn_4.png,\beth
plus_symb_drawn_4.png,+
minus_symb_drawn_4.png,-
pm_drawn_4.png,\pm
mp_drawn_4.png,\mp
propto_drawn_4.png,\propto
sim_drawn_4.png,\sim
leqq_drawn_4.png,\leqq
geqq_drawn_4.png,\geqq
ll_drawn_4.png,\ll
gg_drawn_4.png,\gg
lll_drawn_4.png,\lll
ggg_drawn_4.png,\ggg
lessgtr_drawn_4.png,\lessgtr
gtrless_drawn_4.png,\gtrless
prec_drawn_4.png,\prec
succ_drawn_4.png,\succ
preccurlyeq_drawn_4.png,\preccurlyeq
succcurlyeq_drawn_4.png,\succcurlyeq
mid_drawn_4.png,\mid
parallel_drawn_4.png,\parallel
nmid_drawn_4.png,\nmid
sqcap_drawn_4.png,\sqcap
sqcup_drawn_9.png,\sqcup
sqrt_drawn_5.png,\sqrt{.}
percent_symb_drawn_4.png,\%
ast_drawn_4.png,\ast
prod_drawn_4.png,\prod
coprod_drawn_4.png,\coprod
to_drawn_4.png,\to
circ_drawn_4.png,\circ
hat_drawn_4.png,\hat{}
oint_drawn_4.png,\oint
iiint_drawn_4.png,\iiint
colon_drawn_4.png,\colon
bullet_drawn_4.png,\bullet
rtimes_drawn_4.png,\rtimes
rangle_drawn_4.png,\rangle
nsim_drawn_4.png,\nsim
veebar_drawn_4.png,\veebar
num0_drawn_5.png,0
num1_drawn_4.png,1
num2_drawn_4.png,2
num3_drawn_4.png,3
num4_drawn_4.png,4
num5_drawn_4.png,5
num6_drawn_4.png,6
num7_drawn_4.png,7
num8_drawn_4.png,8
num9_drawn_4.png,9
iint_drawn_4.png,\iint
bigcup_drawn_5.png,\bigcup
bigcap_drawn_5.png,\bigcap
setminus_drawn_5.png,\setminus
sqcup_drawn_10.png,\sqcup
mathcal_P_drawn_5.png,\mathcal{P}
mathfrak_P_drawn_5.png,\mathfrak{P}
subsetneq_drawn_5.png,\subsetneq
subseteq_drawn_5.png,\subseteq
supset_drawn_5.png,\supset
supsetneq_drawn_5.png,\supsetneq
supseteq_drawn_5.png,\supseteq
ni_drawn_5.png,\ni
mathbb_A_drawn_5.png,\mathbb{A}
mathbb_B_drawn_5.png,\mathbb{B}
mathbb_C_drawn_5.png,\mathbb{C}
mathbb_D_drawn_5.png,\mathbb{D}
mathbb_E_drawn_5.png,\mathbb{E}
mathbb_F_drawn_5.png,\mathbb{F}
mathbb_G_drawn_5.png,\mathbb{G}
mathbb_H_drawn_5.png,\mathbb{H}
mathbb_I_drawn_5.png,\mathbb{I}
mathbb_J_drawn_5.png,\mathbb{J}
mathbb_K_drawn_5.png,\mathbb{K}
mathbb_L_drawn_5.png,\mathbb{L}
mathbb_M_drawn_5.png,\mathbb{M}
mathbb_N_drawn_5.png,\mathbb{N}
mathbb_O_drawn_5.png,\mathbb{O}
mathbb_P_drawn_5.png,\mathbb{P}
mathbb_Q_drawn_5.png,\mathbb{Q}
mathbb_R_drawn_5.png,\mathbb{R}
mathbb_S_drawn_5.png,\mathbb{S}
mathbb_T_drawn_5.png,\mathbb{T}
mathbb_U_drawn_5.png,\mathbb{U}
mathbb_V_drawn_5.png,\mathbb{V}
mathbb_W_drawn_5.png,\mathbb{W}
mathbb_X_drawn_5.png,\mathbb{X}
mathbb_Y_drawn_5.png,\mathbb{Y}
mathbb_Z_drawn_5.png,\mathbb{Z}
vert_drawn_5.png,\vert
aleph_drawn_5.png,\aleph
beth_drawn_5.png,\beth
plus_symb_drawn_5.png,+
minus_symb_drawn_5.png,-
pm_drawn_5.png,\pm
mp_drawn_5.png,\mp
propto_drawn_5.png,\propto
sim_drawn_5.png,\sim
leqq_drawn_5.png,\leqq
geqq_drawn_5.png,\geqq
ll_drawn_5.png,\ll
gg_drawn_5.png,\gg
lll_drawn_5.png,\lll
ggg_drawn_5.png,\ggg
lessgtr_drawn_5.png,\lessgtr
gtrless_drawn_5.png,\gtrless
prec_drawn_5.png,\prec
succ_drawn_5.png,\succ
preccurlyeq_drawn_5.png,\preccurlyeq
succcurlyeq_drawn_5.png,\succcurlyeq
mid_drawn_5.png,\mid
parallel_drawn_5.png,\parallel
nmid_drawn_5.png,\nmid
sqcap_drawn_5.png,\sqcap
sqcup_drawn_11.png,\sqcup
sqrt_drawn_6.png,\sqrt{.}
percent_symb_drawn_5.png,\%
ast_drawn_5.png,\ast
prod_drawn_5.png,\prod
coprod_drawn_5.png,\coprod
to_drawn_5.png,\to
circ_drawn_5.png,\circ
hat_drawn_5.png,\hat{}
oint_drawn_5.png,\oint
iint_drawn_5.png,\iint
iiint_drawn_5.png,\iiint
colon_drawn_5.png,\colon
bullet_drawn_5.png,\bullet
rtimes_drawn_5.png,\rtimes
rangle_drawn_5.png,\rangle
nsim_drawn_5.png,\nsim
veebar_drawn_5.png,\veebar
num0_drawn_6.png,0
num1_drawn_5.png,1
num2_drawn_5.png,2
num3_drawn_5.png,3
num4_drawn_5.png,4
num5_drawn_5.png,5
num6_drawn_5.png,6
num7_drawn_5.png,7
num8_drawn_5.png,8
num9_drawn_5.png,9
bigcup_drawn_6.png,\bigcup
bigcap_drawn_6.png,\bigcap
setminus_drawn_6.png,\setminus
mathcal_P_drawn_6.png,\mathcal{P}
mathfrak_P_drawn_6.png,\mathfrak{P}
subsetneq_drawn_6.png,\subsetneq
subseteq_drawn_6.png,\subseteq
supset_drawn_6.png,\supset
supsetneq_drawn_6.png,\supsetneq
supseteq_drawn_6.png,\supseteq
ni_drawn_6.png,\ni
mathbb_A_drawn_6.png,\mathbb{A}
mathbb_B_drawn_6.png,\mathbb{B}
mathbb_C_drawn_6.png,\mathbb{C}
mathbb_D_drawn_6.png,\mathbb{D}
mathbb_E_drawn_6.png,\mathbb{E}
mathbb_F_drawn_6.png,\mathbb{F}
mathbb_G_drawn_6.png,\mathbb{G}
mathbb_H_drawn_6.png,\mathbb{H}
mathbb_I_drawn_6.png,\mathbb{I}
mathbb_J_drawn_6.png,\mathbb{J}
mathbb_K_drawn_6.png,\mathbb{K}
mathbb_L_drawn_6.png,\mathbb{L}
mathbb_M_drawn_6.png,\mathbb{M}
mathbb_N_drawn_6.png,\mathbb{N}
mathbb_O_drawn_6.png,\mathbb{O}
mathbb_P_drawn_6.png,\mathbb{P}
mathbb_Q_drawn_6.png,\mathbb{Q}
mathbb_R_drawn_6.png,\mathbb{R}
mathbb_S_drawn_6.png,\mathbb{S}
mathbb_T_drawn_6.png,\mathbb{T}
mathbb_U_drawn_6.png,\mathbb{U}
mathbb_V_drawn_6.png,\mathbb{V}
mathbb_W_drawn_6.png,\mathbb{W}
mathbb_X_drawn_6.png,\mathbb{X}
mathbb_Y_drawn_6.png,\mathbb{Y}
mathbb_Z_drawn_6.png,\mathbb{Z}
vert_drawn_6.png,\vert
aleph_drawn_6.png,\aleph
beth_drawn_6.png,\beth
plus_symb_drawn_6.png,+
minus_symb_drawn_6.png,-
pm_drawn_6.png,\pm
mp_drawn_6.png,\mp
propto_drawn_6.png,\propto
sim_drawn_6.png,\sim
leqq_drawn_6.png,\leqq
geqq_drawn_6.png,\geqq
ll_drawn_6.png,\ll
gg_drawn_6.png,\gg
lll_drawn_6.png,\lll
ggg_drawn_6.png,\ggg
lessgtr_drawn_6.png,\lessgtr
gtrless_drawn_6.png,\gtrless
prec_drawn_6.png,\prec
succ_drawn_6.png,\succ
preccurlyeq_drawn_6.png,\preccurlyeq
succcurlyeq_drawn_6.png,\succcurlyeq
mid_drawn_6.png,\mid
parallel_drawn_6.png,\parallel
nmid_drawn_6.png,\nmid
sqcap_drawn_6.png,\sqcap
sqrt_drawn_7.png,\sqrt{.}
percent_symb_drawn_6.png,\%
ast_drawn_6.png,\ast
prod_drawn_6.png,\prod
coprod_drawn_6.png,\coprod
to_drawn_6.png,\to
circ_drawn_6.png,\circ
hat_drawn_6.png,\hat{}
oint_drawn_6.png,\oint
iint_drawn_6.png,\iint
iiint_drawn_6.png,\iiint
colon_drawn_6.png,\colon
bullet_drawn_6.png,\bullet
rtimes_drawn_6.png,\rtimes
rangle_drawn_6.png,\rangle
nsim_drawn_6.png,\nsim
veebar_drawn_6.png,\veebar
num0_drawn_7.png,0
num1_drawn_6.png,1
num2_drawn_6.png,2
num3_drawn_6.png,3
num4_drawn_6.png,4
num5_drawn_6.png,5
num6_drawn_6.png,6
num7_drawn_6.png,7
num8_drawn_6.png,8
num9_drawn_6.png,9
bigcup_drawn_7.png,\bigcup
bigcap_drawn_7.png,\bigcap
setminus_drawn_7.png,\setminus
mathcal_P_drawn_7.png,\mathcal{P}
mathfrak_P_drawn_7.png,\mathfrak{P}
subsetneq_drawn_7.png,\subsetneq
subseteq_drawn_7.png,\subseteq
supset_drawn_7.png,\supset
supsetneq_drawn_7.png,\supsetneq
supseteq_drawn_7.png,\supseteq
ni_drawn_7.png,\ni
mathbb_A_drawn_7.png,\mathbb{A}
mathbb_B_drawn_7.png,\mathbb{B}
mathbb_C_drawn_7.png,\mathbb{C}
mathbb_D_drawn_7.png,\mathbb{D}
mathbb_E_drawn_7.png,\mathbb{E}
mathbb_F_drawn_7.png,\mathbb{F}
mathbb_G_drawn_7.png,\mathbb{G}
mathbb_H_drawn_7.png,\mathbb{H}
mathbb_I_drawn_7.png,\mathbb{I}
mathbb_J_drawn_7.png,\mathbb{J}
mathbb_K_drawn_7.png,\mathbb{K}
mathbb_L_drawn_7.png,\mathbb{L}
mathbb_M_drawn_7.png,\mathbb{M}
mathbb_N_drawn_7.png,\mathbb{N}
mathbb_O_drawn_7.png,\mathbb{O}
mathbb_P_drawn_7.png,\mathbb{P}
mathbb_Q_drawn_7.png,\mathbb{Q}
mathbb_R_drawn_7.png,\mathbb{R}
mathbb_S_drawn_7.png,\mathbb{S}
mathbb_T_drawn_7.png,\mathbb{T}
mathbb_U_drawn_7.png,\mathbb{U}
mathbb_V_drawn_7.png,\mathbb{V}
mathbb_W_drawn_7.png,\mathbb{W}
mathbb_X_drawn_7.png,\mathbb{X}
mathbb_Y_drawn_7.png,\mathbb{Y}
mathbb_Z_drawn_7.png,\mathbb{Z}
vert_drawn_7.png,\vert
aleph_drawn_7.png,\aleph
beth_drawn_7.png,\beth
plus_symb_drawn_7.png,+
minus_symb_drawn_7.png,-
pm_drawn_7.png,\pm
mp_drawn_7.png,\mp
propto_drawn_7.png,\propto
sim_drawn_7.png,\sim
leqq_drawn_7.png,\leqq
geqq_drawn_7.png,\geqq
ll_drawn_7.png,\ll
gg_drawn_7.png,\gg
lll_drawn_7.png,\lll
ggg_drawn_7.png,\ggg
lessgtr_drawn_7.png,\lessgtr
gtrless_drawn_7.png,\gtrless
prec_drawn_7.png,\prec
succ_drawn_7.png,\succ
preccurlyeq_drawn_7.png,\preccurlyeq
succcurlyeq_drawn_7.png,\succcurlyeq
mid_drawn_7.png,\mid
parallel_drawn_7.png,\parallel
nmid_drawn_7.png,\nmid
sqcap_drawn_7.png,\sqcap
percent_symb_drawn_7.png,\%
ast_drawn_7.png,\ast
prod_drawn_7.png,\prod
coprod_drawn_7.png,\coprod
to_drawn_7.png,\to
circ_drawn_7.png,\circ
hat_drawn_7.png,\hat{}
oint_drawn_7.png,\oint
iint_drawn_7.png,\iint
iiint_drawn_7.png,\iiint
colon_drawn_7.png,\colon
bullet_drawn_7.png,\bullet
rtimes_drawn_7.png,\rtimes
rangle_drawn_7.png,\rangle
nsim_drawn_7.png,\nsim
veebar_drawn_7.png,\veebar
num0_drawn_8.png,0
num1_drawn_7.png,1
num2_drawn_7.png,2
num3_drawn_7.png,3
num4_drawn_7.png,4
num5_drawn_7.png,5
num6_drawn_7.png,6
num7_drawn_7.png,7
num8_drawn_7.png,8
num9_drawn_7.png,9
bigcup_drawn_8.png,\bigcup
bigcap_drawn_8.png,\bigcap
setminus_drawn_8.png,\setminus
mathcal_P_drawn_8.png,\mathcal{P}
mathfrak_P_drawn_8.png,\mathfrak{P}
subsetneq_drawn_8.png,\subsetneq
subseteq_drawn_8.png,\subseteq
supset_drawn_8.png,\supset
supsetneq_drawn_8.png,\supsetneq
supseteq_drawn_8.png,\supseteq
ni_drawn_8.png,\ni
mathbb_A_drawn_8.png,\mathbb{A}
mathbb_B_drawn_8.png,\mathbb{B}
mathbb_C_drawn_8.png,\mathbb{C}
mathbb_D_drawn_8.png,\mathbb{D}
mathbb_E_drawn_8.png,\mathbb{E}
mathbb_F_drawn_8.png,\mathbb{F}
mathbb_G_drawn_8.png,\mathbb{G}
mathbb_H_drawn_8.png,\mathbb{H}
mathbb_I_drawn_8.png,\mathbb{I}
mathbb_J_drawn_8.png,\mathbb{J}
mathbb_K_drawn_8.png,\mathbb{K}
mathbb_L_drawn_8.png,\mathbb{L}
mathbb_M_drawn_8.png,\mathbb{M}
mathbb_N_drawn_8.png,\mathbb{N}
mathbb_O_drawn_8.png,\mathbb{O}
mathbb_P_drawn_8.png,\mathbb{P}
mathbb_Q_drawn_8.png,\mathbb{Q}
mathbb_R_drawn_8.png,\mathbb{R}
mathbb_S_drawn_8.png,\mathbb{S}
mathbb_T_drawn_8.png,\mathbb{T}
mathbb_U_drawn_8.png,\mathbb{U}
mathbb_V_drawn_8.png,\mathbb{V}
mathbb_W_drawn_8.png,\mathbb{W}
mathbb_X_drawn_8.png,\mathbb{X}
mathbb_Y_drawn_8.png,\mathbb{Y}
mathbb_Z_drawn_8.png,\mathbb{Z}
vert_drawn_8.png,\vert
aleph_drawn_8.png,\aleph
beth_drawn_8.png,\beth
plus_symb_drawn_8.png,+
minus_symb_drawn_8.png,-
pm_drawn_8.png,\pm
mp_drawn_8.png,\mp
propto_drawn_8.png,\propto
sim_drawn_8.png,\sim
leqq_drawn_8.png,\leqq
geqq_drawn_8.png,\geqq
ll_drawn_8.png,\ll
gg_drawn_8.png,\gg
lll_drawn_8.png,\lll
ggg_drawn_8.png,\ggg
lessgtr_drawn_8.png,\lessgtr
gtrless_drawn_8.png,\gtrless
prec_drawn_8.png,\prec
succ_drawn_8.png,\succ
preccurlyeq_drawn_8.png,\preccurlyeq
succcurlyeq_drawn_8.png,\succcurlyeq
mid_drawn_8.png,\mid
parallel_drawn_8.png,\parallel
nmid_drawn_8.png,\nmid
sqcap_drawn_8.png,\sqcap
sqrt_drawn_8.png,\sqrt{.}
percent_symb_drawn_8.png,\%
ast_drawn_8.png,\ast
prod_drawn_8.png,\prod
coprod_drawn_8.png,\coprod
to_drawn_8.png,\to
circ_drawn_8.png,\circ
hat_drawn_8.png,\hat{}
oint_drawn_8.png,\oint
iint_drawn_8.png,\iint
iiint_drawn_8.png,\iiint
colon_drawn_8.png,\colon
bullet_drawn_8.png,\bullet
rtimes_drawn_8.png,\rtimes
rangle_drawn_8.png,\rangle
nsim_drawn_8.png,\nsim
veebar_drawn_8.png,\veebar
num0_drawn_9.png,0
num1_drawn_8.png,1
num2_drawn_8.png,2
num3_drawn_8.png,3
num4_drawn_8.png,4
num5_drawn_8.png,5
num6_drawn_8.png,6
num7_drawn_8.png,7
num8_drawn_8.png,8
num9_drawn_8.png,9
bigcup_drawn_9.png,\bigcup
bigcap_drawn_9.png,\bigcap
setminus_drawn_9.png,\setminus
mathcal_P_drawn_9.png,\mathcal{P}
mathfrak_P_drawn_9.png,\mathfrak{P}
subsetneq_drawn_9.png,\subsetneq
subseteq_drawn_9.png,\subseteq
supset_drawn_9.png,\supset
supsetneq_drawn_9.png,\supsetneq
supseteq_drawn_9.png,\supseteq
ni_drawn_9.png,\ni
mathbb_A_drawn_9.png,\mathbb{A}
mathbb_B_drawn_9.png,\mathbb{B}
mathbb_C_drawn_9.png,\mathbb{C}
mathbb_D_drawn_9.png,\mathbb{D}
mathbb_E_drawn_9.png,\mathbb{E}
mathbb_F_drawn_9.png,\mathbb{F}
mathbb_G_drawn_9.png,\mathbb{G}
mathbb_H_drawn_9.png,\mathbb{H}
mathbb_I_drawn_9.png,\mathbb{I}
mathbb_J_drawn_9.png,\mathbb{J}
mathbb_K_drawn_9.png,\mathbb{K}
mathbb_L_drawn_9.png,\mathbb{L}
mathbb_M_drawn_9.png,\mathbb{M}
mathbb_N_drawn_9.png,\mathbb{N}
mathbb_O_drawn_9.png,\mathbb{O}
mathbb_P_drawn_9.png,\mathbb{P}
mathbb_Q_drawn_9.png,\mathbb{Q}
mathbb_R_drawn_9.png,\mathbb{R}
mathbb_S_drawn_9.png,\mathbb{S}
mathbb_T_drawn_9.png,\mathbb{T}
mathbb_U_drawn_9.png,\mathbb{U}
mathbb_V_drawn_9.png,\mathbb{V}
mathbb_W_drawn_9.png,\mathbb{W}
mathbb_X_drawn_9.png,\mathbb{X}
mathbb_Y_drawn_9.png,\mathbb{Y}
mathbb_Z_drawn_9.png,\mathbb{Z}
vert_drawn_9.png,\vert
aleph_drawn_9.png,\aleph
beth_drawn_9.png,\beth
plus_symb_drawn_9.png,+
minus_symb_drawn_9.png,-
pm_drawn_9.png,\pm
mp_drawn_9.png,\mp
propto_drawn_9.png,\propto
sim_drawn_9.png,\sim
leqq_drawn_9.png,\leqq
geqq_drawn_9.png,\geqq
ll_drawn_9.png,\ll
gg_drawn_9.png,\gg
lll_drawn_9.png,\lll
ggg_drawn_9.png,\ggg
lessgtr_drawn_9.png,\lessgtr
gtrless_drawn_9.png,\gtrless
prec_drawn_9.png,\prec
succ_drawn_9.png,\succ
preccurlyeq_drawn_9.png,\preccurlyeq
succcurlyeq_drawn_9.png,\succcurlyeq
mid_drawn_9.png,\mid
parallel_drawn_9.png,\parallel
nmid_drawn_9.png,\nmid
sqcap_drawn_9.png,\sqcap
sqrt_drawn_9.png,\sqrt{.}
percent_symb_drawn_9.png,\%
ast_drawn_9.png,\ast
prod_drawn_9.png,\prod
coprod_drawn_9.png,\coprod
to_drawn_9.png,\to
circ_drawn_9.png,\circ
hat_drawn_9.png,\hat{}
oint_drawn_9.png,\oint
iint_drawn_9.png,\iint
iiint_drawn_9.png,\iiint
colon_drawn_9.png,\colon
bullet_drawn_9.png,\bullet
rtimes_drawn_9.png,\rtimes
rangle_drawn_9.png,\rangle
nsim_drawn_9.png,\nsim
veebar_drawn_9.png,\veebar
num0_drawn_10.png,0
num1_drawn_9.png,1
num2_drawn_9.png,2
num3_drawn_9.png,3
num4_drawn_9.png,4
num5_drawn_9.png,5
num6_drawn_9.png,6
num7_drawn_9.png,7
num8_drawn_9.png,8
num9_drawn_9.png,9
bigcup_drawn_10.png,\bigcup
bigcap_drawn_10.png,\bigcap
setminus_drawn_10.png,\setminus
mathcal_P_drawn_10.png,\mathcal{P}
mathfrak_P_drawn_10.png,\mathfrak{P}
subsetneq_drawn_10.png,\subsetneq
subseteq_drawn_10.png,\subseteq
supset_drawn_10.png,\supset
supsetneq_drawn_10.png,\supsetneq
supseteq_drawn_10.png,\supseteq
ni_drawn_10.png,\ni
mathbb_A_drawn_10.png,\mathbb{A}
mathbb_B_drawn_10.png,\mathbb{B}
mathbb_C_drawn_10.png,\mathbb{C}
mathbb_D_drawn_10.png,\mathbb{D}
mathbb_E_drawn_10.png,\mathbb{E}
mathbb_F_drawn_10.png,\mathbb{F}
mathbb_G_drawn_10.png,\mathbb{G}
mathbb_H_drawn_10.png,\mathbb{H}
mathbb_I_drawn_10.png,\mathbb{I}
mathbb_J_drawn_10.png,\mathbb{J}
mathbb_K_drawn_10.png,\mathbb{K}
mathbb_L_drawn_10.png,\mathbb{L}
mathbb_M_drawn_10.png,\mathbb{M}
mathbb_N_drawn_10.png,\mathbb{N}
mathbb_O_drawn_10.png,\mathbb{O}
mathbb_P_drawn_10.png,\mathbb{P}
mathbb_Q_drawn_10.png,\mathbb{Q}
mathbb_R_drawn_10.png,\mathbb{R}
mathbb_S_drawn_10.png,\mathbb{S}
mathbb_T_drawn_10.png,\mathbb{T}
mathbb_U_drawn_10.png,\mathbb{U}
mathbb_V_drawn_10.png,\mathbb{V}
mathbb_W_drawn_10.png,\mathbb{W}
mathbb_X_drawn_10.png,\mathbb{X}
mathbb_Y_drawn_10.png,\mathbb{Y}
mathbb_Z_drawn_10.png,\mathbb{Z}
vert_drawn_10.png,\vert
aleph_drawn_10.png,\aleph
beth_drawn_10.png,\beth
plus_symb_drawn_10.png,+
minus_symb_drawn_10.png,-
pm_drawn_10.png,\pm
mp_drawn_10.png,\mp
propto_drawn_10.png,\propto
sim_drawn_10.png,\sim
leqq_drawn_10.png,\leqq
geqq_drawn_10.png,\geqq
ll_drawn_10.png,\ll
gg_drawn_10.png,\gg
lll_drawn_10.png,\lll
ggg_drawn_10.png,\ggg
lessgtr_drawn_10.png,\lessgtr
gtrless_drawn_10.png,\gtrless
prec_drawn_10.png,\prec
succ_drawn_10.png,\succ
preccurlyeq_drawn_10.png,\preccurlyeq
succcurlyeq_drawn_10.png,\succcurlyeq
mid_drawn_10.png,\mid
parallel_drawn_10.png,\parallel
nmid_drawn_10.png,\nmid
sqcap_drawn_10.png,\sqcap
sqrt_drawn_10.png,\sqrt{.}
percent_symb_drawn_10.png,\%
ast_drawn_10.png,\ast
prod_drawn_10.png,\prod
coprod_drawn_10.png,\coprod
to_drawn_10.png,\to
circ_drawn_10.png,\circ
hat_drawn_10.png,\hat{}
oint_drawn_10.png,\oint
iint_drawn_10.png,\iint
iiint_drawn_10.png,\iiint
colon_drawn_10.png,\colon
bullet_drawn_10.png,\bullet
rtimes_drawn_10.png,\rtimes
rangle_drawn_10.png,\rangle
nsim_drawn_10.png,\nsim
veebar_drawn_10.png,\veebar
num1_drawn_10.png,1
num2_drawn_10.png,2
num3_drawn_10.png,3
num4_drawn_10.png,4
num5_drawn_10.png,5
num6_drawn_10.png,6
num7_drawn_10.png,7
num8_drawn_10.png,8
num9_drawn_10.png,9
bigcup_drawn_11.png,\bigcup
bigcap_drawn_11.png,\bigcap
setminus_drawn_11.png,\setminus
mathcal_P_drawn_11.png,\mathcal{P}
mathfrak_P_drawn_11.png,\mathfrak{P}
subsetneq_drawn_11.png,\subsetneq
subseteq_drawn_11.png,\subseteq
supset_drawn_11.png,\supset
supsetneq_drawn_11.png,\supsetneq
supseteq_drawn_11.png,\supseteq
ni_drawn_11.png,\ni
mathbb_A_drawn_11.png,\mathbb{A}
mathbb_B_drawn_11.png,\mathbb{B}
mathbb_C_drawn_11.png,\mathbb{C}
mathbb_D_drawn_11.png,\mathbb{D}
mathbb_E_drawn_11.png,\mathbb{E}
mathbb_F_drawn_11.png,\mathbb{F}
mathbb_G_drawn_11.png,\mathbb{G}
mathbb_H_drawn_11.png,\mathbb{H}
mathbb_I_drawn_11.png,\mathbb{I}
mathbb_J_drawn_11.png,\mathbb{J}
mathbb_K_drawn_11.png,\mathbb{K}
mathbb_L_drawn_11.png,\mathbb{L}
mathbb_M_drawn_11.png,\mathbb{M}
mathbb_N_drawn_11.png,\mathbb{N}
mathbb_O_drawn_11.png,\mathbb{O}
mathbb_P_drawn_11.png,\mathbb{P}
mathbb_Q_drawn_11.png,\mathbb{Q}
mathbb_R_drawn_11.png,\mathbb{R}
mathbb_S_drawn_11.png,\mathbb{S}
mathbb_T_drawn_11.png,\mathbb{T}
mathbb_U_drawn_11.png,\mathbb{U}
mathbb_V_drawn_11.png,\mathbb{V}
mathbb_W_drawn_11.png,\mathbb{W}
mathbb_X_drawn_11.png,\mathbb{X}
mathbb_Y_drawn_11.png,\mathbb{Y}
mathbb_Z_drawn_11.png,\mathbb{Z}
vert_drawn_11.png,\vert
aleph_drawn_11.png,\aleph
beth_drawn_11.png,\beth
plus_symb_drawn_11.png,+
minus_symb_drawn_11.png,-
pm_drawn_11.png,\pm
mp_drawn_11.png,\mp
propto_drawn_11.png,\propto
sim_drawn_11.png,\sim
leqq_drawn_11.png,\leqq
geqq_drawn_11.png,\geqq
ll_drawn_11.png,\ll
gg_drawn_11.png,\gg
lll_drawn_11.png,\lll
ggg_drawn_11.png,\ggg
lessgtr_drawn_11.png,\lessgtr
gtrless_drawn_11.png,\gtrless
prec_drawn_11.png,\prec
succ_drawn_11.png,\succ
preccurlyeq_drawn_11.png,\preccurlyeq
succcurlyeq_drawn_11.png,\succcurlyeq
mid_drawn_11.png,\mid
parallel_drawn_11.png,\parallel
nmid_drawn_11.png,\nmid
sqcap_drawn_11.png,\sqcap
sqrt_drawn_11.png,\sqrt{.}
percent_symb_drawn_11.png,\%
ast_drawn_11.png,\ast
prod_drawn_11.png,\prod
coprod_drawn_11.png,\coprod
to_drawn_11.png,\to
circ_drawn_11.png,\circ
hat_drawn_11.png,\hat{}
oint_drawn_11.png,\oint
iint_drawn_11.png,\iint
iiint_drawn_11.png,\iiint
colon_drawn_11.png,\colon
bullet_drawn_11.png,\bullet
rtimes_drawn_11.png,\rtimes
rangle_drawn_11.png,\rangle
nsim_drawn_11.png,\nsim
veebar_drawn_11.png,\veebar
num0_drawn_11.png,0
num1_drawn_11.png,1
num2_drawn_11.png,2
num3_drawn_11.png,3
num4_drawn_11.png,4
num5_drawn_11.png,5
num6_drawn_11.png,6
num7_drawn_11.png,7
num8_drawn_11.png,8
num9_drawn_11.png,9
